Staff ID,Years of Experience,Absenteeism (Days),Satisfaction Score,Job_ID,Job_Location,Distance_km,Travel_Cost,Skill_Match,Job_Priority,Cost_per_Hour,Job_Hours,Labour_Cost,Total_Cost
S00000,17,3,1.56,J0000,Sheffield,115,51.75,0.58,2,26,5,130,181.75
S00001,9,2,2.78,J0001,Leeds,108,48.6,0.61,5,23,9,207,255.6
S00002,10,3,3.5,J0002,Nottingham,175,78.75,0.98,4,20,9,180,258.75
S00003,10,2,2.96,J0003,Liverpool,137,61.65,0.79,5,34,8,272,333.65
S00004,7,4,2.61,J0004,Sheffield,297,133.65,0.97,2,27,5,135,268.65
S00005,16,4,4.98,J0005,Glasgow,131,58.95,0.79,5,31,11,341,399.95
S00006,18,4,4.52,J0006,Birmingham,110,49.5,0.74,5,41,9,369,418.5
S00007,6,1,3.49,J0007,Sheffield,96,43.2,0.66,2,41,5,205,248.2
S00008,1,2,3.28,J0008,Nottingham,291,130.95,0.8,1,37,11,407,537.95
S00009,1,1,3.48,J0009,Liverpool,55,24.75,0.57,4,34,5,170,194.75
S00010,12,3,1.81,J0010,Leeds,33,14.85,0.95,2,36,7,252,266.85
S00011,2,1,2.58,J0011,Nottingham,218,98.1,0.91,3,33,9,297,395.1
S00012,4,3,1.16,J0012,Nottingham,271,121.95,0.66,1,33,11,363,484.95
S00013,17,3,2.9,J0013,Birmingham,261,117.45,0.98,3,37,9,333,450.45
S00014,4,3,3.17,J0014,Newcastle,105,47.25,0.91,1,39,7,273,320.25
S00015,11,1,1.91,J0015,Liverpool,114,51.3,0.83,4,37,8,296,347.3
S00016,4,2,4.86,J0016,Manchester,186,83.7,0.56,4,35,7,245,328.7
S00017,1,1,4.64,J0017,Nottingham,5,2.25,0.74,5,20,9,180,182.25
S00018,7,2,3.89,J0018,Newcastle,59,26.55,0.75,3,42,9,378,404.55
S00019,18,2,3.13,J0019,Manchester,153,68.85,0.62,1,30,10,300,368.85
S00020,9,3,4.48,J0020,Liverpool,141,63.45,0.54,4,34,11,374,437.45
S00021,3,1,1.52,J0021,London,206,92.7,0.89,2,31,8,248,340.7
S00022,8,2,4.16,J0022,Glasgow,121,54.45,0.56,4,27,7,189,243.45
S00023,19,4,1.5,J0023,Newcastle,158,71.1,0.8,2,41,11,451,522.1
S00024,4,2,4.18,J0024,Bristol,295,132.75,0.97,1,39,4,156,288.75
S00025,18,4,2.1,J0025,London,67,30.15,0.94,4,25,11,275,305.15
S00026,11,1,4.51,J0026,Glasgow,248,111.6,0.64,4,22,4,88,199.6
S00027,14,1,4.78,J0027,Birmingham,29,13.05,0.93,1,43,8,344,357.05
S00028,18,1,1.6,J0028,Sheffield,94,42.3,0.5,4,32,7,224,266.3
S00029,16,2,2.85,J0029,Leeds,79,35.55,0.51,2,32,7,224,259.55
S00030,3,0,4.92,J0030,Bristol,298,134.1,0.8,4,21,5,105,239.1
S00031,15,2,2.93,J0031,Birmingham,214,96.3,0.68,3,24,9,216,312.3
S00032,4,2,4.45,J0032,Liverpool,21,9.45,0.69,5,36,6,216,225.45
S00033,5,3,3.35,J0033,Birmingham,132,59.4,0.78,2,25,10,250,309.4
S00034,17,3,2.5,J0034,Sheffield,255,114.75,0.6,3,21,11,231,345.75
S00035,7,2,2.14,J0035,Liverpool,183,82.35,0.61,1,23,8,184,266.35
S00036,16,4,1.81,J0036,Bristol,186,83.7,0.74,2,41,6,246,329.7
S00037,14,3,4.05,J0037,Sheffield,156,70.2,0.88,5,30,11,330,400.2
S00038,16,2,2.55,J0038,Manchester,29,13.05,0.81,5,27,6,162,175.05
S00039,7,0,3.05,J0039,Leeds,184,82.8,0.65,1,31,8,248,330.8
S00040,9,4,2.97,J0040,Bristol,202,90.9,0.72,1,27,7,189,279.9
S00041,4,1,3.31,J0041,Manchester,165,74.25,0.59,2,30,8,240,314.25
S00042,11,2,4.46,J0042,Glasgow,181,81.45,0.54,4,41,11,451,532.45
S00043,2,2,4.92,J0043,Bristol,289,130.05,0.89,1,39,6,234,364.05
S00044,12,4,2.63,J0044,Glasgow,67,30.15,0.63,4,27,9,243,273.15
S00045,12,3,4.31,J0045,Liverpool,154,69.3,0.59,3,27,10,270,339.3
S00046,4,3,4.06,J0046,Manchester,158,71.1,0.85,5,36,10,360,431.1
S00047,18,3,3.29,J0047,Leeds,160,72.0,0.81,4,39,9,351,423.0
S00048,7,1,4.82,J0048,Sheffield,53,23.85,0.82,5,39,9,351,374.85
S00049,1,4,1.8,J0049,Nottingham,88,39.6,0.61,4,42,7,294,333.6
S00050,13,4,1.44,J0050,Birmingham,181,81.45,0.62,3,35,11,385,466.45
S00051,6,3,4.42,J0051,London,152,68.4,0.61,1,33,4,132,200.4
S00052,6,3,2.76,J0052,Leeds,122,54.9,0.59,3,30,8,240,294.9
S00053,12,0,4.39,J0053,Manchester,67,30.15,0.83,1,26,10,260,290.15
S00054,8,0,4.57,J0054,Nottingham,193,86.85,0.92,1,35,9,315,401.85
S00055,19,2,1.25,J0055,Leeds,53,23.85,0.86,5,32,8,256,279.85
S00056,5,2,4.53,J0056,Manchester,261,117.45,0.9,3,34,10,340,457.45
S00057,18,4,2.79,J0057,Newcastle,228,102.6,0.7,4,43,9,387,489.6
S00058,5,4,3.04,J0058,Newcastle,145,65.25,0.83,3,35,11,385,450.25
S00059,10,1,3.51,J0059,Glasgow,219,98.55,0.68,5,40,10,400,498.55
S00060,1,1,4.71,J0060,Leeds,215,96.75,0.76,1,42,7,294,390.75
S00061,10,0,1.08,J0061,Newcastle,36,16.2,0.74,5,43,4,172,188.2
S00062,5,2,2.91,J0062,Manchester,162,72.9,0.59,2,28,4,112,184.9
S00063,12,0,3.75,J0063,Glasgow,289,130.05,0.69,2,22,9,198,328.05
S00064,7,0,3.89,J0064,Manchester,290,130.5,0.98,4,38,10,380,510.5
S00065,9,2,3.77,J0065,Glasgow,148,66.6,0.62,5,39,7,273,339.6
S00066,12,1,1.54,J0066,Leeds,23,10.35,0.57,4,24,5,120,130.35
S00067,1,2,2.2,J0067,Nottingham,22,9.9,0.71,4,29,8,232,241.9
S00068,11,3,2.43,J0068,Sheffield,261,117.45,0.9,2,36,8,288,405.45
S00069,15,3,4.22,J0069,Bristol,82,36.9,0.79,4,34,6,204,240.9
S00070,2,3,2.12,J0070,Nottingham,179,80.55,0.84,2,42,7,294,374.55
S00071,7,4,1.84,J0071,Liverpool,198,89.1,0.59,1,44,10,440,529.1
S00072,12,1,4.83,J0072,Manchester,117,52.65,0.81,5,27,11,297,349.65
S00073,18,1,1.04,J0073,Liverpool,118,53.1,0.66,4,34,11,374,427.1
S00074,3,4,4.99,J0074,Nottingham,226,101.7,0.92,2,40,6,240,341.7
S00075,7,0,3.71,J0075,Glasgow,170,76.5,0.81,3,33,9,297,373.5
S00076,11,3,4.31,J0076,Bristol,136,61.2,0.6,4,39,10,390,451.2
S00077,18,3,2.18,J0077,Bristol,268,120.6,0.53,1,26,6,156,276.6
S00078,12,0,1.06,J0078,London,59,26.55,0.52,1,40,4,160,186.55
S00079,6,2,3.95,J0079,Bristol,135,60.75,0.69,3,42,8,336,396.75
S00080,5,2,4.34,J0080,Sheffield,292,131.4,0.63,2,31,10,310,441.4
S00081,1,1,3.96,J0081,Bristol,270,121.5,0.82,4,36,6,216,337.5
S00082,12,4,1.57,J0082,Nottingham,166,74.7,0.75,2,36,4,144,218.7
S00083,11,1,4.01,J0083,London,91,40.95,0.63,1,29,7,203,243.95
S00084,4,2,4.08,J0084,Nottingham,59,26.55,0.57,2,38,6,228,254.55
S00085,18,0,3.63,J0085,Nottingham,292,131.4,0.56,1,33,9,297,428.4
S00086,4,1,4.06,J0086,Birmingham,182,81.9,0.93,2,30,9,270,351.9
S00087,17,3,4.38,J0087,London,12,5.4,0.62,3,21,9,189,194.4
S00088,2,3,3.45,J0088,Nottingham,251,112.95,0.83,5,37,10,370,482.95
S00089,2,0,1.35,J0089,Birmingham,259,116.55,0.91,3,26,11,286,402.55
S00090,12,2,2.95,J0090,Birmingham,58,26.1,0.81,3,31,11,341,367.1
S00091,6,3,1.31,J0091,London,253,113.85,0.93,5,21,8,168,281.85
S00092,10,3,2.63,J0092,Liverpool,243,109.35,0.7,5,39,6,234,343.35
S00093,16,4,2.63,J0093,Glasgow,233,104.85,0.98,4,37,7,259,363.85
S00094,14,1,1.26,J0094,Sheffield,71,31.95,0.57,4,25,6,150,181.95
S00095,7,2,2.4,J0095,Glasgow,55,24.75,0.55,3,43,8,344,368.75
S00096,19,1,1.44,J0096,Bristol,101,45.45,0.83,3,29,4,116,161.45
S00097,17,2,4.23,J0097,Sheffield,96,43.2,0.97,1,39,8,312,355.2
S00098,9,3,4.79,J0098,Bristol,268,120.6,0.9,1,34,9,306,426.6
S00099,13,4,1.29,J0099,Nottingham,295,132.75,0.54,4,24,10,240,372.75
S00100,5,1,4.82,J0100,Manchester,100,45.0,0.64,4,39,4,156,201.0
S00101,5,3,3.09,J0101,London,92,41.4,0.97,1,22,10,220,261.4
S00102,10,2,2.2,J0102,Sheffield,82,36.9,0.63,1,24,9,216,252.9
S00103,10,1,1.31,J0103,Sheffield,292,131.4,0.89,2,44,5,220,351.4
S00104,7,1,3.0,J0104,Nottingham,124,55.8,0.91,2,27,8,216,271.8
S00105,15,3,4.18,J0105,Liverpool,169,76.05,0.75,1,27,8,216,292.05
S00106,7,1,3.83,J0106,Birmingham,186,83.7,0.69,2,27,7,189,272.7
S00107,15,4,1.2,J0107,Nottingham,227,102.15,0.73,5,31,6,186,288.15
S00108,3,4,1.29,J0108,Newcastle,11,4.95,0.61,4,43,4,172,176.95
S00109,19,3,2.61,J0109,Birmingham,267,120.15,0.94,4,42,11,462,582.15
S00110,10,2,2.18,J0110,London,165,74.25,0.73,1,27,10,270,344.25
S00111,15,3,1.93,J0111,Birmingham,155,69.75,0.94,3,30,4,120,189.75
S00112,3,4,2.12,J0112,Liverpool,89,40.05,0.55,1,33,7,231,271.05
S00113,6,0,4.21,J0113,Birmingham,151,67.95,0.99,2,27,7,189,256.95
S00114,12,0,4.72,J0114,London,116,52.2,0.72,3,43,10,430,482.2
S00115,15,1,2.62,J0115,Liverpool,40,18.0,0.52,2,29,11,319,337.0
S00116,6,1,4.62,J0116,Glasgow,289,130.05,0.52,5,26,6,156,286.05
S00117,13,0,2.29,J0117,Sheffield,192,86.4,0.87,2,36,10,360,446.4
S00118,19,4,2.91,J0118,Sheffield,86,38.7,0.83,5,23,10,230,268.7
S00119,3,1,1.9,J0119,Bristol,6,2.7,0.9,5,32,9,288,290.7
S00120,8,3,3.56,J0120,Glasgow,201,90.45,0.55,2,23,11,253,343.45
S00121,8,3,4.92,J0121,Glasgow,15,6.75,0.52,2,24,6,144,150.75
S00122,15,4,3.41,J0122,Birmingham,238,107.1,0.75,5,41,8,328,435.1
S00123,4,1,2.43,J0123,Sheffield,199,89.55,0.69,3,23,9,207,296.55
S00124,19,3,3.59,J0124,London,123,55.35,0.73,5,37,5,185,240.35
S00125,3,1,1.49,J0125,Leeds,24,10.8,1.0,4,25,11,275,285.8
S00126,13,1,4.55,J0126,Leeds,265,119.25,0.99,5,43,6,258,377.25
S00127,8,3,3.01,J0127,Liverpool,297,133.65,0.97,3,43,7,301,434.65
S00128,16,0,2.8,J0128,Sheffield,260,117.0,0.89,4,42,9,378,495.0
S00129,13,3,3.34,J0129,Sheffield,226,101.7,0.68,1,41,6,246,347.7
S00130,3,4,3.5,J0130,Leeds,230,103.5,0.71,1,21,4,84,187.5
S00131,16,2,1.29,J0131,Sheffield,57,25.65,0.77,3,42,10,420,445.65
S00132,9,3,3.73,J0132,Birmingham,284,127.8,0.92,5,30,5,150,277.8
S00133,14,1,1.97,J0133,Newcastle,85,38.25,0.53,2,33,8,264,302.25
S00134,13,1,3.86,J0134,Manchester,206,92.7,0.71,3,24,10,240,332.7
S00135,7,3,4.29,J0135,Glasgow,162,72.9,0.54,4,25,4,100,172.9
S00136,15,2,4.22,J0136,Bristol,124,55.8,0.76,4,29,4,116,171.8
S00137,7,3,3.21,J0137,Liverpool,63,28.35,0.95,1,27,5,135,163.35
S00138,6,2,3.08,J0138,Newcastle,219,98.55,0.89,4,33,8,264,362.55
S00139,2,2,1.57,J0139,Leeds,132,59.4,0.61,3,43,7,301,360.4
S00140,9,4,4.1,J0140,Glasgow,228,102.6,0.99,4,22,9,198,300.6
S00141,17,1,2.09,J0141,Sheffield,213,95.85,0.83,3,31,11,341,436.85
S00142,5,1,2.99,J0142,Bristol,119,53.55,0.51,2,35,8,280,333.55
S00143,12,2,2.14,J0143,Sheffield,213,95.85,0.63,1,42,11,462,557.85
S00144,1,1,1.54,J0144,London,18,8.1,0.63,4,36,6,216,224.1
S00145,10,0,3.52,J0145,London,13,5.85,0.53,3,20,4,80,85.85
S00146,11,2,1.22,J0146,Bristol,44,19.8,0.98,5,42,6,252,271.8
S00147,16,1,3.99,J0147,Bristol,241,108.45,0.74,1,29,7,203,311.45
S00148,14,0,2.27,J0148,Leeds,285,128.25,0.95,2,44,6,264,392.25
S00149,8,4,1.0,J0149,Bristol,205,92.25,0.66,3,42,8,336,428.25
S00150,17,1,3.04,J0150,Birmingham,250,112.5,0.56,2,29,6,174,286.5
S00151,18,0,1.19,J0151,Sheffield,282,126.9,0.74,2,40,7,280,406.9
S00152,12,3,2.1,J0152,Newcastle,239,107.55,0.56,4,43,7,301,408.55
S00153,17,3,3.83,J0153,Nottingham,8,3.6,0.74,4,21,7,147,150.6
S00154,14,0,1.25,J0154,Bristol,158,71.1,0.96,3,28,8,224,295.1
S00155,16,2,4.36,J0155,Liverpool,33,14.85,0.76,5,41,7,287,301.85
S00156,14,2,1.02,J0156,London,113,50.85,0.81,3,32,4,128,178.85
S00157,9,1,1.99,J0157,Birmingham,102,45.9,0.58,5,44,10,440,485.9
S00158,4,3,3.96,J0158,Glasgow,219,98.55,0.52,2,35,7,245,343.55
S00159,11,2,2.27,J0159,Nottingham,297,133.65,0.56,1,37,6,222,355.65
S00160,6,2,1.41,J0160,Newcastle,79,35.55,0.8,3,38,9,342,377.55
S00161,15,3,2.44,J0161,Nottingham,150,67.5,0.55,3,31,6,186,253.5
S00162,5,4,2.08,J0162,Bristol,132,59.4,0.69,5,27,9,243,302.4
S00163,11,2,4.37,J0163,Leeds,46,20.7,0.78,2,36,6,216,236.7
S00164,18,0,2.25,J0164,London,45,20.25,0.69,2,34,8,272,292.25
S00165,13,1,4.16,J0165,London,38,17.1,0.58,5,29,6,174,191.1
S00166,11,2,4.57,J0166,Glasgow,21,9.45,0.64,2,34,8,272,281.45
S00167,14,2,2.74,J0167,Leeds,169,76.05,0.96,4,34,8,272,348.05
S00168,18,4,4.64,J0168,Sheffield,157,70.65,0.84,1,42,7,294,364.65
S00169,19,0,2.51,J0169,Manchester,80,36.0,0.75,3,26,4,104,140.0
S00170,15,1,4.86,J0170,Birmingham,91,40.95,0.51,1,32,9,288,328.95
S00171,9,2,1.36,J0171,London,121,54.45,1.0,3,36,7,252,306.45
S00172,8,1,3.75,J0172,Liverpool,31,13.95,0.84,4,28,7,196,209.95
S00173,1,3,2.98,J0173,London,291,130.95,0.66,2,27,10,270,400.95
S00174,4,2,2.55,J0174,Nottingham,138,62.1,0.94,5,39,8,312,374.1
S00175,14,2,3.53,J0175,London,223,100.35,0.63,4,40,8,320,420.35
S00176,2,3,3.82,J0176,London,172,77.4,0.77,1,37,9,333,410.4
S00177,16,4,1.02,J0177,Manchester,102,45.9,0.82,5,32,6,192,237.9
S00178,3,2,1.67,J0178,Manchester,272,122.4,0.61,2,35,6,210,332.4
S00179,8,1,3.85,J0179,Newcastle,241,108.45,0.99,4,28,11,308,416.45
S00180,6,0,3.67,J0180,Sheffield,177,79.65,0.87,5,31,7,217,296.65
S00181,16,1,4.86,J0181,Liverpool,194,87.3,0.78,4,31,11,341,428.3
S00182,16,4,4.04,J0182,London,126,56.7,0.59,4,25,5,125,181.7
S00183,7,0,4.8,J0183,London,50,22.5,0.53,2,38,5,190,212.5
S00184,13,1,3.81,J0184,Birmingham,68,30.6,0.66,3,26,11,286,316.6
S00185,13,1,2.19,J0185,Manchester,134,60.3,0.88,5,44,6,264,324.3
S00186,5,3,1.42,J0186,Liverpool,197,88.65,0.63,2,22,5,110,198.65
S00187,18,4,4.13,J0187,Glasgow,185,83.25,0.77,4,35,10,350,433.25
S00188,15,3,3.58,J0188,Newcastle,296,133.2,0.86,2,37,6,222,355.2
S00189,18,0,1.19,J0189,Sheffield,286,128.7,0.55,3,35,8,280,408.7
S00190,2,3,2.44,J0190,Leeds,33,14.85,0.84,5,42,7,294,308.85
S00191,10,4,4.83,J0191,Sheffield,153,68.85,0.55,3,26,4,104,172.85
S00192,13,2,3.0,J0192,Nottingham,271,121.95,0.98,1,23,7,161,282.95
S00193,18,2,2.73,J0193,London,15,6.75,0.74,5,44,11,484,490.75
S00194,15,0,2.83,J0194,Newcastle,168,75.6,0.58,3,27,6,162,237.6
S00195,12,2,1.84,J0195,Nottingham,117,52.65,0.67,4,32,11,352,404.65
S00196,15,3,2.47,J0196,Liverpool,191,85.95,0.71,5,32,10,320,405.95
S00197,13,0,2.48,J0197,Leeds,299,134.55,0.88,5,36,6,216,350.55
S00198,18,4,1.21,J0198,Manchester,236,106.2,0.87,2,36,7,252,358.2
S00199,15,0,4.07,J0199,Newcastle,231,103.95,0.81,4,24,10,240,343.95
S00200,11,0,2.67,J0200,Newcastle,102,45.9,0.55,1,25,10,250,295.9
S00201,19,1,4.29,J0201,London,59,26.55,0.58,3,38,10,380,406.55
S00202,3,1,4.4,J0202,Bristol,115,51.75,0.55,2,32,9,288,339.75
S00203,7,0,1.85,J0203,Newcastle,156,70.2,0.79,3,44,6,264,334.2
S00204,14,2,3.63,J0204,Birmingham,250,112.5,0.94,1,33,5,165,277.5
S00205,14,1,2.89,J0205,Leeds,73,32.85,0.72,1,41,5,205,237.85
S00206,13,4,4.52,J0206,Leeds,293,131.85,0.58,5,23,6,138,269.85
S00207,12,3,1.86,J0207,Birmingham,254,114.3,0.78,1,26,6,156,270.3
S00208,9,1,3.71,J0208,Glasgow,40,18.0,0.91,3,27,9,243,261.0
S00209,1,0,3.43,J0209,Birmingham,243,109.35,0.87,4,44,5,220,329.35
S00210,19,2,2.18,J0210,Birmingham,152,68.4,0.94,4,32,6,192,260.4
S00211,11,3,1.55,J0211,Leeds,231,103.95,0.64,5,25,6,150,253.95
S00212,19,1,3.61,J0212,Sheffield,248,111.6,0.6,3,25,11,275,386.6
S00213,18,2,3.95,J0213,Leeds,205,92.25,0.94,3,43,9,387,479.25
S00214,12,2,2.26,J0214,Bristol,158,71.1,0.83,1,40,9,360,431.1
S00215,1,2,3.58,J0215,London,77,34.65,0.66,3,22,7,154,188.65
S00216,19,0,2.58,J0216,Nottingham,205,92.25,0.87,2,22,9,198,290.25
S00217,17,4,3.85,J0217,Sheffield,21,9.45,0.91,1,32,4,128,137.45
S00218,5,2,1.8,J0218,Manchester,133,59.85,0.81,2,41,5,205,264.85
S00219,3,3,4.56,J0219,Nottingham,221,99.45,0.84,5,21,7,147,246.45
S00220,2,1,2.15,J0220,London,65,29.25,0.69,4,35,4,140,169.25
S00221,3,3,2.47,J0221,Bristol,108,48.6,0.77,5,41,6,246,294.6
S00222,8,0,1.23,J0222,Bristol,46,20.7,0.76,4,25,11,275,295.7
S00223,16,0,1.45,J0223,Manchester,29,13.05,0.92,5,27,11,297,310.05
S00224,6,3,3.06,J0224,Sheffield,43,19.35,0.92,3,42,6,252,271.35
S00225,13,4,2.07,J0225,Glasgow,295,132.75,0.92,2,27,7,189,321.75
S00226,16,0,4.34,J0226,Birmingham,135,60.75,0.51,4,44,9,396,456.75
S00227,16,0,1.06,J0227,Sheffield,233,104.85,0.87,1,25,10,250,354.85
S00228,3,3,2.52,J0228,Glasgow,112,50.4,0.88,2,33,11,363,413.4
S00229,13,0,2.35,J0229,Bristol,176,79.2,0.84,1,22,10,220,299.2
S00230,14,4,1.08,J0230,Leeds,106,47.7,0.88,2,29,6,174,221.7
S00231,8,4,1.5,J0231,London,16,7.2,0.92,2,22,10,220,227.2
S00232,12,4,2.65,J0232,Manchester,279,125.55,0.74,5,31,8,248,373.55
S00233,8,1,2.97,J0233,London,105,47.25,0.75,4,36,7,252,299.25
S00234,9,4,2.62,J0234,Liverpool,48,21.6,0.56,4,24,4,96,117.6
S00235,1,4,3.12,J0235,Liverpool,21,9.45,0.69,2,39,7,273,282.45
S00236,6,1,3.38,J0236,Sheffield,61,27.45,0.82,3,44,5,220,247.45
S00237,19,2,1.04,J0237,Bristol,16,7.2,0.89,3,28,9,252,259.2
S00238,11,0,2.86,J0238,Bristol,84,37.8,0.61,1,40,9,360,397.8
S00239,11,4,4.85,J0239,Birmingham,220,99.0,0.57,1,39,7,273,372.0
S00240,13,0,3.08,J0240,Birmingham,268,120.6,0.83,5,26,6,156,276.6
S00241,11,3,3.71,J0241,Birmingham,153,68.85,0.5,2,41,6,246,314.85
S00242,18,0,2.25,J0242,Leeds,85,38.25,0.59,1,23,8,184,222.25
S00243,15,1,4.1,J0243,Nottingham,219,98.55,0.51,1,32,8,256,354.55
S00244,1,0,4.09,J0244,Newcastle,202,90.9,0.58,2,32,9,288,378.9
S00245,7,0,3.09,J0245,Nottingham,204,91.8,0.59,5,29,8,232,323.8
S00246,13,0,4.9,J0246,London,29,13.05,0.69,1,37,11,407,420.05
S00247,12,2,1.5,J0247,Nottingham,93,41.85,0.7,5,36,11,396,437.85
S00248,18,2,1.07,J0248,Leeds,272,122.4,0.94,4,39,4,156,278.4
S00249,19,3,4.08,J0249,London,147,66.15,0.76,5,39,8,312,378.15
S00250,15,1,4.23,J0250,Nottingham,63,28.35,0.86,3,32,4,128,156.35
S00251,8,0,1.48,J0251,Leeds,30,13.5,0.55,3,36,8,288,301.5
S00252,19,0,2.06,J0252,Newcastle,51,22.95,0.61,5,41,9,369,391.95
S00253,10,0,1.07,J0253,Nottingham,292,131.4,0.85,3,23,9,207,338.4
S00254,7,0,2.17,J0254,Leeds,270,121.5,0.53,4,20,4,80,201.5
S00255,18,2,4.09,J0255,Birmingham,20,9.0,0.74,2,20,7,140,149.0
S00256,16,3,3.07,J0256,Bristol,203,91.35,0.8,3,34,9,306,397.35
S00257,6,4,2.39,J0257,Birmingham,286,128.7,0.8,3,32,7,224,352.7
S00258,9,1,2.49,J0258,Bristol,90,40.5,0.51,5,36,6,216,256.5
S00259,13,0,1.01,J0259,Manchester,254,114.3,0.66,4,43,11,473,587.3
S00260,8,3,2.2,J0260,Manchester,274,123.3,0.82,2,27,4,108,231.3
S00261,16,4,3.59,J0261,Manchester,121,54.45,0.57,5,37,10,370,424.45
S00262,13,3,4.9,J0262,Newcastle,11,4.95,0.85,5,32,9,288,292.95
S00263,13,2,4.39,J0263,Birmingham,141,63.45,0.87,4,42,5,210,273.45
S00264,17,4,1.09,J0264,Bristol,180,81.0,0.99,2,33,6,198,279.0
S00265,5,3,4.59,J0265,Leeds,219,98.55,0.6,4,27,7,189,287.55
S00266,17,2,4.13,J0266,London,86,38.7,0.91,2,27,9,243,281.7
S00267,9,3,4.12,J0267,Leeds,227,102.15,0.76,4,34,4,136,238.15
S00268,2,3,2.83,J0268,London,107,48.15,0.69,5,32,10,320,368.15
S00269,18,4,2.59,J0269,Liverpool,277,124.65,0.56,5,26,8,208,332.65
S00270,9,2,2.21,J0270,Leeds,18,8.1,0.87,1,24,10,240,248.1
S00271,6,0,1.26,J0271,Nottingham,163,73.35,0.62,3,36,5,180,253.35
S00272,11,1,1.91,J0272,Nottingham,156,70.2,0.69,4,44,7,308,378.2
S00273,6,4,1.99,J0273,Sheffield,112,50.4,0.53,1,35,6,210,260.4
S00274,6,2,2.94,J0274,Birmingham,192,86.4,0.9,3,42,10,420,506.4
S00275,13,3,3.99,J0275,London,102,45.9,0.88,4,21,4,84,129.9
S00276,11,2,2.9,J0276,London,135,60.75,0.87,2,41,5,205,265.75
S00277,14,1,1.23,J0277,Birmingham,297,133.65,0.65,3,37,4,148,281.65
S00278,2,1,4.83,J0278,Newcastle,175,78.75,0.59,5,36,9,324,402.75
S00279,8,0,4.77,J0279,Sheffield,187,84.15,0.82,1,26,8,208,292.15
S00280,3,0,4.14,J0280,Newcastle,43,19.35,0.75,3,32,6,192,211.35
S00281,3,1,4.97,J0281,Newcastle,19,8.55,0.59,3,37,4,148,156.55
S00282,1,4,3.18,J0282,Newcastle,8,3.6,0.84,5,33,7,231,234.6
S00283,19,4,4.85,J0283,Birmingham,214,96.3,1.0,4,37,9,333,429.3
S00284,18,3,1.3,J0284,Newcastle,165,74.25,0.87,2,32,9,288,362.25
S00285,17,0,2.46,J0285,Nottingham,20,9.0,0.87,5,30,6,180,189.0
S00286,13,3,1.9,J0286,Manchester,112,50.4,0.98,2,40,9,360,410.4
S00287,3,0,1.78,J0287,Liverpool,231,103.95,0.6,4,40,7,280,383.95
S00288,1,1,1.56,J0288,London,174,78.3,0.78,3,35,4,140,218.3
S00289,4,4,3.49,J0289,London,38,17.1,0.99,2,42,6,252,269.1
S00290,13,4,4.13,J0290,Liverpool,255,114.75,0.58,1,36,11,396,510.75
S00291,17,1,3.31,J0291,Birmingham,251,112.95,0.85,1,27,9,243,355.95
S00292,11,3,1.59,J0292,Leeds,273,122.85,0.79,5,38,9,342,464.85
S00293,2,3,4.24,J0293,Birmingham,145,65.25,0.79,4,39,7,273,338.25
S00294,16,2,3.54,J0294,London,278,125.1,0.85,5,34,8,272,397.1
S00295,2,0,2.55,J0295,London,100,45.0,0.96,5,28,8,224,269.0
S00296,19,3,3.7,J0296,Liverpool,231,103.95,0.89,5,39,10,390,493.95
S00297,19,1,2.04,J0297,Newcastle,43,19.35,0.53,1,29,9,261,280.35
S00298,16,3,2.38,J0298,Birmingham,33,14.85,0.93,1,31,11,341,355.85
S00299,19,4,4.67,J0299,Bristol,249,112.05,0.61,5,40,4,160,272.05
S00300,9,0,2.16,J0300,Liverpool,240,108.0,0.69,1,42,6,252,360.0
S00301,1,2,2.88,J0301,Nottingham,189,85.05,0.73,4,39,9,351,436.05
S00302,10,0,4.56,J0302,London,276,124.2,0.74,5,20,5,100,224.2
S00303,19,4,3.83,J0303,Liverpool,240,108.0,0.72,1,44,6,264,372.0
S00304,1,4,1.25,J0304,Birmingham,243,109.35,0.97,2,39,10,390,499.35
S00305,2,4,1.59,J0305,London,270,121.5,0.85,5,28,8,224,345.5
S00306,16,4,1.03,J0306,Leeds,69,31.05,0.82,5,41,11,451,482.05
S00307,12,1,3.52,J0307,Liverpool,181,81.45,0.52,4,34,9,306,387.45
S00308,8,2,2.79,J0308,Sheffield,7,3.15,0.95,3,20,7,140,143.15
S00309,18,4,1.54,J0309,London,146,65.7,0.95,3,31,5,155,220.7
S00310,2,4,4.83,J0310,Birmingham,162,72.9,0.89,4,22,9,198,270.9
S00311,13,3,3.12,J0311,Manchester,150,67.5,0.5,4,30,11,330,397.5
S00312,6,2,1.97,J0312,Bristol,297,133.65,0.53,4,21,10,210,343.65
S00313,6,0,3.0,J0313,Glasgow,157,70.65,0.61,3,35,4,140,210.65
S00314,9,2,3.72,J0314,Newcastle,197,88.65,0.57,4,28,5,140,228.65
S00315,16,2,1.3,J0315,Glasgow,77,34.65,0.7,1,34,10,340,374.65
S00316,11,2,2.1,J0316,Birmingham,144,64.8,0.96,5,31,9,279,343.8
S00317,7,4,4.23,J0317,Nottingham,191,85.95,0.74,5,20,4,80,165.95
S00318,10,4,2.84,J0318,Nottingham,297,133.65,0.51,2,32,5,160,293.65
S00319,10,1,3.19,J0319,Manchester,65,29.25,0.64,2,33,4,132,161.25
S00320,18,0,2.73,J0320,Newcastle,202,90.9,0.52,5,44,4,176,266.9
S00321,9,3,1.18,J0321,Sheffield,299,134.55,0.52,1,44,5,220,354.55
S00322,15,2,1.66,J0322,Manchester,15,6.75,0.64,3,27,5,135,141.75
S00323,4,0,2.78,J0323,Glasgow,66,29.7,0.64,3,27,4,108,137.7
S00324,8,0,1.84,J0324,Manchester,230,103.5,0.89,1,31,10,310,413.5
S00325,9,1,1.2,J0325,Glasgow,157,70.65,0.99,3,20,11,220,290.65
S00326,13,3,4.37,J0326,London,203,91.35,0.69,4,30,8,240,331.35
S00327,9,2,4.92,J0327,Nottingham,56,25.2,0.71,5,27,5,135,160.2
S00328,4,3,4.17,J0328,London,264,118.8,0.92,5,29,9,261,379.8
S00329,17,1,4.42,J0329,Bristol,63,28.35,0.63,1,38,6,228,256.35
S00330,16,4,1.97,J0330,Newcastle,76,34.2,0.58,3,30,7,210,244.2
S00331,15,0,4.84,J0331,Sheffield,152,68.4,0.93,2,26,4,104,172.4
S00332,3,2,1.79,J0332,Glasgow,67,30.15,0.52,2,30,4,120,150.15
S00333,5,4,4.81,J0333,Sheffield,247,111.15,0.81,3,36,7,252,363.15
S00334,5,1,4.98,J0334,Glasgow,111,49.95,0.78,2,20,8,160,209.95
S00335,15,3,3.85,J0335,Birmingham,230,103.5,0.67,1,40,7,280,383.5
S00336,18,0,4.92,J0336,Manchester,222,99.9,0.66,1,40,5,200,299.9
S00337,15,2,3.28,J0337,Bristol,245,110.25,0.89,3,27,7,189,299.25
S00338,2,4,2.04,J0338,Nottingham,263,118.35,0.54,2,42,4,168,286.35
S00339,13,4,2.75,J0339,Glasgow,266,119.7,0.62,1,43,7,301,420.7
S00340,4,0,3.37,J0340,Sheffield,9,4.05,0.87,1,25,6,150,154.05
S00341,10,3,1.29,J0341,Bristol,265,119.25,0.77,4,41,9,369,488.25
S00342,13,1,3.49,J0342,Leeds,58,26.1,0.56,4,37,5,185,211.1
S00343,10,3,4.92,J0343,Leeds,51,22.95,0.94,1,25,7,175,197.95
S00344,9,3,1.76,J0344,London,219,98.55,0.7,3,24,4,96,194.55
S00345,8,3,4.17,J0345,Nottingham,181,81.45,0.91,5,32,10,320,401.45
S00346,3,0,4.63,J0346,Birmingham,13,5.85,0.89,5,38,9,342,347.85
S00347,16,0,4.77,J0347,Sheffield,103,46.35,0.81,1,41,5,205,251.35
S00348,14,1,4.84,J0348,Manchester,24,10.8,0.75,1,27,4,108,118.8
S00349,9,3,3.09,J0349,Manchester,245,110.25,0.99,1,28,8,224,334.25
S00350,11,0,4.91,J0350,Sheffield,65,29.25,0.57,3,36,6,216,245.25
S00351,3,1,4.03,J0351,Newcastle,182,81.9,0.86,4,22,11,242,323.9
S00352,5,1,1.65,J0352,Birmingham,66,29.7,0.6,1,38,8,304,333.7
S00353,10,3,2.91,J0353,Bristol,149,67.05,0.67,1,30,11,330,397.05
S00354,13,2,3.87,J0354,Glasgow,220,99.0,0.65,2,43,6,258,357.0
S00355,4,3,1.99,J0355,Newcastle,7,3.15,0.97,3,36,7,252,255.15
S00356,13,2,3.56,J0356,Glasgow,164,73.8,0.98,1,40,5,200,273.8
S00357,12,1,3.67,J0357,Glasgow,231,103.95,0.59,2,38,7,266,369.95
S00358,5,0,1.65,J0358,Newcastle,273,122.85,0.51,5,21,6,126,248.85
S00359,10,4,3.26,J0359,London,124,55.8,0.86,1,27,6,162,217.8
S00360,9,1,4.09,J0360,Leeds,93,41.85,0.71,1,38,6,228,269.85
S00361,7,0,3.0,J0361,Glasgow,72,32.4,0.54,2,26,11,286,318.4
S00362,2,1,1.05,J0362,Newcastle,102,45.9,0.84,3,36,9,324,369.9
S00363,7,3,1.04,J0363,Newcastle,271,121.95,0.77,1,25,4,100,221.95
S00364,8,2,2.43,J0364,Liverpool,109,49.05,0.99,5,38,5,190,239.05
S00365,7,1,4.7,J0365,London,127,57.15,0.61,1,43,7,301,358.15
S00366,14,0,1.91,J0366,Nottingham,33,14.85,0.7,5,25,7,175,189.85
S00367,19,3,3.54,J0367,Liverpool,141,63.45,0.77,4,21,8,168,231.45
S00368,5,4,1.89,J0368,Liverpool,199,89.55,0.9,4,25,11,275,364.55
S00369,18,3,2.29,J0369,Sheffield,230,103.5,0.77,5,42,6,252,355.5
S00370,12,2,4.39,J0370,Leeds,174,78.3,0.81,3,24,10,240,318.3
S00371,17,3,3.92,J0371,Newcastle,13,5.85,0.61,1,38,6,228,233.85
S00372,13,4,1.38,J0372,Leeds,44,19.8,0.92,1,39,6,234,253.8
S00373,2,0,2.71,J0373,Birmingham,29,13.05,0.71,4,23,10,230,243.05
S00374,13,1,1.12,J0374,Sheffield,265,119.25,0.57,5,41,7,287,406.25
S00375,7,2,2.92,J0375,Nottingham,230,103.5,0.83,1,36,8,288,391.5
S00376,10,4,3.65,J0376,Leeds,128,57.6,0.61,1,30,4,120,177.6
S00377,6,2,1.47,J0377,Manchester,42,18.9,0.55,3,23,10,230,248.9
S00378,3,3,2.16,J0378,Glasgow,255,114.75,0.93,2,32,11,352,466.75
S00379,3,2,2.59,J0379,Birmingham,180,81.0,0.73,4,39,9,351,432.0
S00380,18,4,4.68,J0380,London,94,42.3,0.87,4,36,5,180,222.3
S00381,11,1,4.97,J0381,Nottingham,41,18.45,0.65,2,28,11,308,326.45
S00382,5,1,1.18,J0382,Birmingham,180,81.0,0.89,1,23,10,230,311.0
S00383,19,2,4.04,J0383,Glasgow,288,129.6,0.56,3,42,4,168,297.6
S00384,19,0,2.49,J0384,Sheffield,85,38.25,0.68,3,33,7,231,269.25
S00385,15,2,2.57,J0385,Glasgow,118,53.1,0.99,4,38,9,342,395.1
S00386,16,3,4.02,J0386,Liverpool,44,19.8,0.9,3,22,9,198,217.8
S00387,9,1,4.67,J0387,Glasgow,228,102.6,0.75,2,33,9,297,399.6
S00388,4,1,4.8,J0388,Liverpool,119,53.55,0.67,1,27,6,162,215.55
S00389,15,1,3.31,J0389,Sheffield,190,85.5,0.94,2,43,5,215,300.5
S00390,12,0,2.43,J0390,Bristol,60,27.0,0.77,5,20,7,140,167.0
S00391,3,0,4.15,J0391,Liverpool,44,19.8,0.88,4,29,7,203,222.8
S00392,14,4,2.0,J0392,London,44,19.8,0.88,3,37,9,333,352.8
S00393,17,2,3.26,J0393,Glasgow,241,108.45,0.51,5,35,7,245,353.45
S00394,19,2,2.43,J0394,Glasgow,293,131.85,0.56,3,27,5,135,266.85
S00395,6,3,3.63,J0395,London,266,119.7,0.83,1,20,5,100,219.7
S00396,4,1,1.96,J0396,Manchester,220,99.0,0.58,1,31,8,248,347.0
S00397,7,0,1.77,J0397,Newcastle,151,67.95,0.63,1,27,10,270,337.95
S00398,19,3,4.67,J0398,Bristol,172,77.4,0.97,3,43,10,430,507.4
S00399,17,3,1.41,J0399,Nottingham,96,43.2,0.78,5,35,8,280,323.2
S00400,16,0,3.02,J0400,Liverpool,63,28.35,0.88,1,37,4,148,176.35
S00401,15,2,1.88,J0401,London,63,28.35,0.78,5,23,10,230,258.35
S00402,8,1,1.16,J0402,Sheffield,173,77.85,0.78,3,25,5,125,202.85
S00403,19,2,1.14,J0403,Liverpool,273,122.85,0.55,5,31,5,155,277.85
S00404,8,3,1.7,J0404,Newcastle,49,22.05,0.67,3,28,10,280,302.05
S00405,18,1,4.47,J0405,Sheffield,185,83.25,0.64,3,34,5,170,253.25
S00406,16,4,2.13,J0406,Birmingham,174,78.3,0.7,4,35,8,280,358.3
S00407,19,3,4.8,J0407,Glasgow,195,87.75,0.9,3,43,9,387,474.75
S00408,10,2,3.33,J0408,Birmingham,159,71.55,0.69,3,31,9,279,350.55
S00409,17,2,2.75,J0409,Liverpool,192,86.4,0.73,2,43,7,301,387.4
S00410,13,2,3.32,J0410,Newcastle,11,4.95,0.7,1,42,11,462,466.95
S00411,13,0,3.07,J0411,Bristol,137,61.65,0.55,4,33,11,363,424.65
S00412,7,3,4.04,J0412,Liverpool,239,107.55,0.72,4,32,9,288,395.55
S00413,10,1,2.13,J0413,London,49,22.05,0.6,4,44,6,264,286.05
S00414,2,2,2.41,J0414,Leeds,253,113.85,0.59,2,21,8,168,281.85
S00415,4,2,4.58,J0415,Liverpool,35,15.75,0.55,3,22,5,110,125.75
S00416,6,0,4.79,J0416,Glasgow,27,12.15,0.68,1,43,10,430,442.15
S00417,18,1,4.57,J0417,Glasgow,164,73.8,0.88,5,41,9,369,442.8
S00418,6,3,2.68,J0418,Liverpool,162,72.9,0.64,3,29,8,232,304.9
S00419,17,4,4.12,J0419,Sheffield,43,19.35,0.66,2,28,9,252,271.35
S00420,14,0,2.91,J0420,Leeds,86,38.7,0.82,3,39,4,156,194.7
S00421,11,3,2.99,J0421,London,262,117.9,0.6,3,27,5,135,252.9
S00422,19,4,1.82,J0422,Liverpool,210,94.5,0.95,2,29,4,116,210.5
S00423,2,2,3.36,J0423,Sheffield,81,36.45,0.76,4,38,5,190,226.45
S00424,3,2,1.74,J0424,Glasgow,16,7.2,0.72,4,22,8,176,183.2
S00425,11,1,2.33,J0425,Glasgow,299,134.55,0.78,1,43,7,301,435.55
S00426,6,4,4.42,J0426,Newcastle,228,102.6,0.58,1,24,9,216,318.6
S00427,14,2,1.83,J0427,Liverpool,17,7.65,0.81,4,22,9,198,205.65
S00428,19,2,1.28,J0428,Leeds,50,22.5,0.68,5,35,6,210,232.5
S00429,16,1,1.28,J0429,Manchester,159,71.55,0.95,3,36,10,360,431.55
S00430,7,3,4.76,J0430,Leeds,117,52.65,0.58,5,34,4,136,188.65
S00431,8,2,3.03,J0431,Glasgow,237,106.65,0.75,3,22,9,198,304.65
S00432,19,0,2.64,J0432,Glasgow,21,9.45,0.8,4,31,8,248,257.45
S00433,16,0,4.24,J0433,Birmingham,227,102.15,0.52,1,28,7,196,298.15
S00434,7,3,4.34,J0434,Glasgow,192,86.4,0.68,1,40,10,400,486.4
S00435,9,4,2.33,J0435,London,167,75.15,0.87,5,31,8,248,323.15
S00436,13,1,3.77,J0436,Nottingham,78,35.1,0.91,1,34,4,136,171.1
S00437,1,0,4.08,J0437,Liverpool,237,106.65,0.66,4,21,6,126,232.65
S00438,8,0,3.62,J0438,Leeds,228,102.6,0.9,5,42,9,378,480.6
S00439,4,3,1.61,J0439,Nottingham,64,28.8,0.98,3,37,8,296,324.8
S00440,3,4,4.5,J0440,Sheffield,226,101.7,0.93,1,39,10,390,491.7
S00441,3,4,3.16,J0441,Manchester,41,18.45,0.56,2,31,5,155,173.45
S00442,13,3,2.13,J0442,London,282,126.9,0.87,1,42,7,294,420.9
S00443,8,0,2.7,J0443,Leeds,200,90.0,0.66,3,23,10,230,320.0
S00444,7,1,1.15,J0444,Nottingham,246,110.7,0.99,5,42,8,336,446.7
S00445,1,0,1.51,J0445,Manchester,223,100.35,0.74,3,35,7,245,345.35
S00446,16,4,4.06,J0446,Birmingham,196,88.2,0.56,2,42,9,378,466.2
S00447,6,0,1.0,J0447,London,21,9.45,0.86,4,35,5,175,184.45
S00448,7,1,2.67,J0448,London,16,7.2,0.66,1,20,6,120,127.2
S00449,12,2,3.09,J0449,Birmingham,197,88.65,1.0,5,41,10,410,498.65
S00450,9,0,1.22,J0450,Liverpool,26,11.7,0.99,4,44,6,264,275.7
S00451,11,3,4.89,J0451,Birmingham,124,55.8,0.83,3,21,5,105,160.8
S00452,10,2,1.9,J0452,London,214,96.3,0.56,5,22,7,154,250.3
S00453,1,3,2.22,J0453,London,274,123.3,0.84,4,40,9,360,483.3
S00454,18,3,2.22,J0454,Nottingham,196,88.2,0.55,5,44,8,352,440.2
S00455,4,3,1.92,J0455,Glasgow,179,80.55,0.51,2,39,5,195,275.55
S00456,5,0,1.01,J0456,Manchester,289,130.05,0.91,2,36,4,144,274.05
S00457,9,4,3.92,J0457,Birmingham,208,93.6,0.6,1,39,7,273,366.6
S00458,17,2,4.87,J0458,Manchester,168,75.6,0.69,1,41,6,246,321.6
S00459,3,1,1.9,J0459,Birmingham,255,114.75,0.99,2,40,10,400,514.75
S00460,16,4,3.65,J0460,Sheffield,231,103.95,0.67,5,20,5,100,203.95
S00461,5,0,3.97,J0461,London,11,4.95,0.65,2,39,6,234,238.95
S00462,16,3,4.39,J0462,Glasgow,33,14.85,0.96,1,25,7,175,189.85
S00463,3,1,2.69,J0463,Nottingham,37,16.65,0.56,2,34,6,204,220.65
S00464,15,2,2.21,J0464,Glasgow,138,62.1,0.88,2,33,5,165,227.1
S00465,3,4,2.3,J0465,Glasgow,83,37.35,0.99,5,39,7,273,310.35
S00466,14,4,3.85,J0466,Glasgow,62,27.9,0.95,4,34,4,136,163.9
S00467,16,1,4.27,J0467,Manchester,30,13.5,0.83,1,33,5,165,178.5
S00468,17,0,1.73,J0468,Birmingham,230,103.5,0.66,5,44,8,352,455.5
S00469,18,2,2.48,J0469,Bristol,289,130.05,0.63,2,40,11,440,570.05
S00470,18,1,4.61,J0470,Sheffield,8,3.6,0.91,2,43,9,387,390.6
S00471,14,3,4.23,J0471,Leeds,103,46.35,0.94,4,44,5,220,266.35
S00472,18,2,4.94,J0472,Glasgow,43,19.35,0.76,1,24,7,168,187.35
S00473,15,4,4.02,J0473,Liverpool,275,123.75,0.62,1,25,10,250,373.75
S00474,15,1,2.57,J0474,Manchester,289,130.05,0.56,3,36,9,324,454.05
S00475,6,4,3.36,J0475,Nottingham,161,72.45,0.54,1,30,5,150,222.45
S00476,15,4,3.64,J0476,Leeds,79,35.55,0.86,4,35,4,140,175.55
S00477,18,4,1.31,J0477,Bristol,292,131.4,0.71,3,31,10,310,441.4
S00478,4,0,3.18,J0478,Liverpool,134,60.3,0.95,3,34,4,136,196.3
S00479,8,4,3.84,J0479,Bristol,179,80.55,0.87,2,42,8,336,416.55
S00480,15,3,1.67,J0480,Leeds,88,39.6,0.6,2,23,10,230,269.6
S00481,3,3,4.12,J0481,Glasgow,26,11.7,0.81,1,37,6,222,233.7
S00482,15,2,3.34,J0482,Liverpool,31,13.95,0.72,3,40,11,440,453.95
S00483,13,4,4.81,J0483,Bristol,199,89.55,0.79,2,22,10,220,309.55
S00484,9,4,1.17,J0484,Nottingham,240,108.0,0.87,4,41,9,369,477.0
S00485,2,1,2.06,J0485,Birmingham,96,43.2,0.9,2,27,10,270,313.2
S00486,8,0,3.41,J0486,London,25,11.25,0.92,2,42,7,294,305.25
S00487,17,2,2.19,J0487,Birmingham,88,39.6,0.63,3,22,11,242,281.6
S00488,13,4,3.86,J0488,Leeds,266,119.7,0.52,3,27,7,189,308.7
S00489,1,1,4.04,J0489,Manchester,151,67.95,0.87,5,37,6,222,289.95
S00490,2,0,1.41,J0490,London,261,117.45,0.55,4,29,10,290,407.45
S00491,15,2,3.06,J0491,Sheffield,62,27.9,0.66,3,44,4,176,203.9
S00492,12,2,3.04,J0492,Nottingham,19,8.55,0.5,1,39,4,156,164.55
S00493,14,4,2.48,J0493,Sheffield,166,74.7,0.84,4,36,5,180,254.7
S00494,2,2,4.73,J0494,Liverpool,167,75.15,0.58,4,27,8,216,291.15
S00495,18,1,4.31,J0495,London,285,128.25,0.83,3,42,9,378,506.25
S00496,7,2,3.79,J0496,Sheffield,284,127.8,1.0,4,30,11,330,457.8
S00497,6,3,3.86,J0497,Sheffield,16,7.2,0.54,3,24,8,192,199.2
S00498,14,1,2.85,J0498,Bristol,278,125.1,0.54,2,32,10,320,445.1
S00499,8,0,4.68,J0499,Birmingham,275,123.75,0.67,5,40,8,320,443.75
S00500,2,0,3.78,J0500,Bristol,212,95.4,0.93,2,42,5,210,305.4
S00501,17,4,3.92,J0501,London,31,13.95,0.61,3,24,8,192,205.95
S00502,5,4,4.45,J0502,London,76,34.2,0.68,3,43,11,473,507.2
S00503,14,3,2.1,J0503,Leeds,64,28.8,0.53,2,32,6,192,220.8
S00504,3,0,4.23,J0504,Bristol,149,67.05,0.88,1,25,5,125,192.05
S00505,5,0,1.78,J0505,Newcastle,97,43.65,0.7,1,24,6,144,187.65
S00506,16,0,2.38,J0506,Birmingham,12,5.4,0.88,1,28,10,280,285.4
S00507,18,0,2.34,J0507,London,83,37.35,0.95,3,35,5,175,212.35
S00508,17,2,4.91,J0508,Leeds,31,13.95,0.62,4,21,10,210,223.95
S00509,11,1,4.43,J0509,Bristol,178,80.1,0.9,3,20,10,200,280.1
S00510,17,1,3.8,J0510,Birmingham,54,24.3,0.53,4,27,8,216,240.3
S00511,16,3,3.91,J0511,Bristol,203,91.35,0.95,2,38,6,228,319.35
S00512,2,2,3.25,J0512,Sheffield,185,83.25,0.83,5,30,10,300,383.25
S00513,4,0,4.79,J0513,Leeds,28,12.6,0.94,4,31,6,186,198.6
S00514,7,0,2.99,J0514,Birmingham,50,22.5,0.5,1,31,6,186,208.5
S00515,2,4,2.52,J0515,Glasgow,19,8.55,0.58,3,26,5,130,138.55
S00516,6,4,1.65,J0516,Liverpool,157,70.65,0.69,2,32,7,224,294.65
S00517,17,3,4.14,J0517,Liverpool,226,101.7,0.69,1,27,8,216,317.7
S00518,7,0,3.94,J0518,Birmingham,210,94.5,0.61,2,41,10,410,504.5
S00519,5,3,2.54,J0519,Bristol,277,124.65,0.69,5,28,6,168,292.65
S00520,5,2,1.1,J0520,Leeds,240,108.0,0.56,3,26,9,234,342.0
S00521,16,1,4.36,J0521,Liverpool,232,104.4,0.71,3,40,7,280,384.4
S00522,19,0,1.05,J0522,Leeds,13,5.85,0.9,5,43,10,430,435.85
S00523,9,2,3.81,J0523,Liverpool,170,76.5,0.74,3,34,9,306,382.5
S00524,5,0,4.88,J0524,Sheffield,218,98.1,0.51,4,21,8,168,266.1
S00525,8,4,2.75,J0525,Bristol,121,54.45,0.71,2,42,8,336,390.45
S00526,9,3,1.94,J0526,Sheffield,76,34.2,0.51,1,39,6,234,268.2
S00527,5,4,3.82,J0527,Liverpool,68,30.6,0.98,5,44,6,264,294.6
S00528,10,1,4.27,J0528,Glasgow,209,94.05,0.56,4,31,11,341,435.05
S00529,2,4,3.19,J0529,Glasgow,213,95.85,0.85,1,20,11,220,315.85
S00530,9,0,4.87,J0530,Sheffield,76,34.2,0.99,1,42,10,420,454.2
S00531,11,4,1.21,J0531,Glasgow,281,126.45,0.91,5,41,5,205,331.45
S00532,4,0,3.02,J0532,Liverpool,278,125.1,0.85,4,27,7,189,314.1
S00533,2,1,3.87,J0533,Birmingham,99,44.55,0.92,1,24,10,240,284.55
S00534,6,4,4.45,J0534,Sheffield,170,76.5,0.99,1,34,7,238,314.5
S00535,14,3,1.72,J0535,Manchester,36,16.2,0.81,4,20,6,120,136.2
S00536,1,3,4.2,J0536,Bristol,15,6.75,0.78,3,20,8,160,166.75
S00537,18,3,3.21,J0537,Glasgow,221,99.45,0.81,1,44,6,264,363.45
S00538,7,4,2.59,J0538,Glasgow,293,131.85,0.77,2,29,8,232,363.85
S00539,1,4,1.53,J0539,London,106,47.7,0.82,4,41,11,451,498.7
S00540,1,4,4.46,J0540,Newcastle,271,121.95,0.72,1,29,10,290,411.95
S00541,1,0,1.63,J0541,Sheffield,218,98.1,0.61,5,40,11,440,538.1
S00542,4,1,2.24,J0542,Nottingham,183,82.35,0.56,2,34,8,272,354.35
S00543,4,3,2.16,J0543,Glasgow,92,41.4,0.53,1,36,6,216,257.4
S00544,18,0,4.49,J0544,Bristol,45,20.25,0.63,2,41,11,451,471.25
S00545,11,3,3.69,J0545,Manchester,80,36.0,0.52,2,25,4,100,136.0
S00546,1,0,4.19,J0546,Glasgow,50,22.5,0.78,3,22,7,154,176.5
S00547,10,4,2.0,J0547,Manchester,164,73.8,0.64,2,32,9,288,361.8
S00548,9,3,3.5,J0548,Liverpool,84,37.8,0.91,3,35,8,280,317.8
S00549,4,4,3.29,J0549,Liverpool,90,40.5,0.54,4,27,8,216,256.5
S00550,6,3,4.33,J0550,Newcastle,96,43.2,0.61,3,34,4,136,179.2
S00551,16,2,4.62,J0551,Birmingham,152,68.4,0.87,5,36,10,360,428.4
S00552,2,0,1.05,J0552,Nottingham,165,74.25,0.8,1,36,10,360,434.25
S00553,18,2,3.7,J0553,London,206,92.7,0.53,4,41,10,410,502.7
S00554,10,0,1.21,J0554,Newcastle,246,110.7,0.94,4,32,9,288,398.7
S00555,17,1,3.2,J0555,Leeds,6,2.7,0.94,5,36,5,180,182.7
S00556,13,3,2.15,J0556,London,229,103.05,0.67,3,25,4,100,203.05
S00557,18,1,2.23,J0557,Sheffield,293,131.85,0.67,1,36,9,324,455.85
S00558,13,1,2.41,J0558,Bristol,237,106.65,0.99,3,35,11,385,491.65
S00559,17,0,3.49,J0559,Leeds,81,36.45,0.81,2,33,4,132,168.45
S00560,5,2,2.34,J0560,Leeds,120,54.0,0.77,3,32,8,256,310.0
S00561,11,4,3.93,J0561,Newcastle,158,71.1,0.92,4,25,7,175,246.1
S00562,7,0,2.62,J0562,Birmingham,107,48.15,0.64,1,22,4,88,136.15
S00563,10,4,1.27,J0563,Newcastle,198,89.1,0.71,3,33,5,165,254.1
S00564,17,1,4.14,J0564,Sheffield,170,76.5,0.63,1,33,6,198,274.5
S00565,15,4,2.14,J0565,Glasgow,94,42.3,0.89,1,34,11,374,416.3
S00566,18,2,2.73,J0566,Glasgow,178,80.1,0.79,2,27,9,243,323.1
S00567,19,0,3.74,J0567,Birmingham,126,56.7,0.83,2,34,11,374,430.7
S00568,2,2,2.33,J0568,Sheffield,147,66.15,0.63,4,41,11,451,517.15
S00569,4,2,1.23,J0569,Birmingham,110,49.5,0.61,5,32,4,128,177.5
S00570,3,0,2.5,J0570,Manchester,127,57.15,0.74,1,36,4,144,201.15
S00571,7,2,4.78,J0571,Glasgow,13,5.85,0.87,5,40,5,200,205.85
S00572,18,3,3.57,J0572,Leeds,266,119.7,0.76,4,43,7,301,420.7
S00573,10,3,3.69,J0573,Nottingham,77,34.65,0.52,1,22,4,88,122.65
S00574,7,3,3.53,J0574,Bristol,227,102.15,0.93,1,25,4,100,202.15
S00575,8,4,1.8,J0575,Sheffield,45,20.25,0.53,5,24,7,168,188.25
S00576,6,2,2.67,J0576,London,208,93.6,0.98,3,41,5,205,298.6
S00577,1,0,4.0,J0577,Birmingham,268,120.6,0.51,2,36,9,324,444.6
S00578,4,0,1.41,J0578,Bristol,182,81.9,0.85,3,42,11,462,543.9
S00579,14,4,2.11,J0579,London,88,39.6,0.54,5,44,9,396,435.6
S00580,17,0,2.11,J0580,Bristol,115,51.75,0.96,2,21,4,84,135.75
S00581,18,3,2.73,J0581,Nottingham,255,114.75,0.73,3,34,7,238,352.75
S00582,11,2,4.92,J0582,London,11,4.95,0.57,2,24,4,96,100.95
S00583,14,0,1.27,J0583,Newcastle,88,39.6,0.67,1,39,10,390,429.6
S00584,9,0,3.07,J0584,Liverpool,212,95.4,0.58,3,25,6,150,245.4
S00585,15,1,1.72,J0585,Newcastle,26,11.7,0.59,2,25,9,225,236.7
S00586,12,1,4.88,J0586,Glasgow,7,3.15,0.97,2,37,10,370,373.15
S00587,10,1,1.45,J0587,Liverpool,131,58.95,0.72,2,37,8,296,354.95
S00588,19,2,2.61,J0588,Newcastle,192,86.4,0.89,3,23,6,138,224.4
S00589,19,3,3.95,J0589,Liverpool,18,8.1,0.82,4,36,4,144,152.1
S00590,6,3,3.82,J0590,Liverpool,16,7.2,0.84,3,44,5,220,227.2
S00591,6,3,2.69,J0591,Leeds,91,40.95,0.57,5,33,9,297,337.95
S00592,8,2,2.39,J0592,Birmingham,16,7.2,0.62,3,33,8,264,271.2
S00593,1,2,2.59,J0593,Birmingham,29,13.05,0.89,2,32,6,192,205.05
S00594,17,1,2.06,J0594,Leeds,247,111.15,0.99,1,26,9,234,345.15
S00595,17,0,1.82,J0595,Bristol,126,56.7,0.63,3,31,7,217,273.7
S00596,15,4,2.93,J0596,Manchester,151,67.95,0.64,3,42,5,210,277.95
S00597,7,4,2.07,J0597,Bristol,59,26.55,0.74,2,34,6,204,230.55
S00598,19,0,2.15,J0598,London,242,108.9,0.99,1,38,7,266,374.9
S00599,3,1,3.63,J0599,London,177,79.65,0.63,1,30,10,300,379.65
S00600,11,0,4.87,J0600,Liverpool,225,101.25,0.7,5,34,4,136,237.25
S00601,19,0,3.41,J0601,Newcastle,123,55.35,0.95,3,31,7,217,272.35
S00602,9,4,1.31,J0602,Newcastle,187,84.15,0.5,1,22,6,132,216.15
S00603,10,1,1.3,J0603,Birmingham,292,131.4,0.52,1,36,11,396,527.4
S00604,2,2,4.81,J0604,Sheffield,86,38.7,0.8,4,22,6,132,170.7
S00605,1,4,2.19,J0605,Bristol,215,96.75,0.95,4,38,11,418,514.75
S00606,16,2,1.37,J0606,Glasgow,154,69.3,0.62,1,39,10,390,459.3
S00607,18,1,3.4,J0607,Nottingham,41,18.45,0.73,5,23,4,92,110.45
S00608,17,0,3.49,J0608,Newcastle,63,28.35,0.73,1,22,11,242,270.35
S00609,6,3,3.59,J0609,Nottingham,135,60.75,0.74,2,35,11,385,445.75
S00610,14,3,2.07,J0610,Liverpool,206,92.7,0.81,3,31,7,217,309.7
S00611,15,1,1.06,J0611,Nottingham,247,111.15,0.73,5,27,7,189,300.15
S00612,14,3,4.86,J0612,Glasgow,39,17.55,0.72,2,43,4,172,189.55
S00613,3,2,2.0,J0613,Leeds,97,43.65,0.74,5,36,7,252,295.65
S00614,19,3,3.7,J0614,Glasgow,211,94.95,0.8,2,26,9,234,328.95
S00615,12,1,3.83,J0615,Nottingham,217,97.65,0.77,3,30,4,120,217.65
S00616,2,1,3.44,J0616,Glasgow,163,73.35,0.93,3,37,5,185,258.35
S00617,3,2,2.25,J0617,Manchester,28,12.6,0.52,4,20,11,220,232.6
S00618,18,3,2.08,J0618,Liverpool,297,133.65,0.92,2,22,6,132,265.65
S00619,1,3,3.39,J0619,Bristol,8,3.6,0.92,4,23,5,115,118.6
S00620,6,0,4.46,J0620,Leeds,224,100.8,0.64,2,32,11,352,452.8
S00621,5,4,4.79,J0621,Newcastle,24,10.8,0.73,4,25,9,225,235.8
S00622,1,1,1.42,J0622,London,156,70.2,0.72,3,33,11,363,433.2
S00623,19,0,1.62,J0623,Bristol,54,24.3,0.61,5,24,11,264,288.3
S00624,1,1,4.78,J0624,London,181,81.45,0.7,4,35,11,385,466.45
S00625,16,0,3.95,J0625,Liverpool,100,45.0,0.52,2,34,10,340,385.0
S00626,12,4,4.53,J0626,Leeds,109,49.05,0.64,2,34,9,306,355.05
S00627,8,0,1.81,J0627,Birmingham,254,114.3,0.91,3,23,8,184,298.3
S00628,16,1,3.35,J0628,Newcastle,121,54.45,0.64,2,27,8,216,270.45
S00629,1,3,3.8,J0629,Manchester,232,104.4,0.91,1,35,8,280,384.4
S00630,4,1,3.72,J0630,Birmingham,70,31.5,0.77,5,35,4,140,171.5
S00631,10,2,2.63,J0631,Liverpool,266,119.7,0.94,4,23,7,161,280.7
S00632,11,2,1.06,J0632,Bristol,299,134.55,0.79,5,32,9,288,422.55
S00633,17,2,3.33,J0633,Manchester,247,111.15,0.51,3,32,5,160,271.15
S00634,7,2,2.01,J0634,Glasgow,190,85.5,0.84,4,21,10,210,295.5
S00635,12,4,2.8,J0635,Nottingham,250,112.5,0.52,4,22,5,110,222.5
S00636,7,3,4.83,J0636,Manchester,129,58.05,0.73,1,41,5,205,263.05
S00637,12,3,2.6,J0637,Liverpool,272,122.4,0.96,3,27,5,135,257.4
S00638,15,1,4.36,J0638,Sheffield,135,60.75,0.58,2,43,10,430,490.75
S00639,2,0,1.75,J0639,Nottingham,241,108.45,0.69,1,34,8,272,380.45
S00640,14,1,3.69,J0640,London,22,9.9,0.86,1,30,5,150,159.9
S00641,13,1,4.91,J0641,Newcastle,44,19.8,0.94,5,28,10,280,299.8
S00642,4,1,1.41,J0642,London,25,11.25,0.84,5,26,10,260,271.25
S00643,14,1,1.03,J0643,Manchester,229,103.05,0.63,5,32,7,224,327.05
S00644,14,3,2.73,J0644,London,286,128.7,0.84,1,21,10,210,338.7
S00645,16,0,1.37,J0645,Liverpool,12,5.4,0.65,2,27,8,216,221.4
S00646,7,1,3.99,J0646,Glasgow,104,46.8,0.86,4,26,5,130,176.8
S00647,19,3,4.66,J0647,Bristol,244,109.8,0.98,5,43,10,430,539.8
S00648,2,1,2.74,J0648,Newcastle,91,40.95,0.86,2,31,4,124,164.95
S00649,10,2,2.03,J0649,London,18,8.1,0.93,3,38,10,380,388.1
S00650,18,1,2.74,J0650,London,6,2.7,0.5,5,26,6,156,158.7
S00651,17,1,3.89,J0651,Manchester,297,133.65,0.86,4,29,6,174,307.65
S00652,5,4,1.04,J0652,Bristol,45,20.25,0.91,3,44,6,264,284.25
S00653,12,2,3.36,J0653,Birmingham,115,51.75,0.52,3,35,10,350,401.75
S00654,6,0,3.45,J0654,London,18,8.1,0.94,4,22,8,176,184.1
S00655,9,1,3.55,J0655,Liverpool,235,105.75,0.63,5,29,5,145,250.75
S00656,1,0,1.97,J0656,Sheffield,88,39.6,0.83,1,25,9,225,264.6
S00657,15,2,3.86,J0657,Newcastle,134,60.3,0.9,4,37,9,333,393.3
S00658,6,1,1.37,J0658,London,235,105.75,0.83,4,37,9,333,438.75
S00659,19,4,1.8,J0659,Liverpool,149,67.05,0.55,4,24,8,192,259.05
S00660,18,3,4.51,J0660,Liverpool,32,14.4,0.8,3,40,7,280,294.4
S00661,6,4,3.95,J0661,Newcastle,70,31.5,0.77,2,26,11,286,317.5
S00662,13,4,1.05,J0662,Birmingham,167,75.15,0.95,1,21,4,84,159.15
S00663,1,3,1.99,J0663,Liverpool,233,104.85,0.7,5,30,4,120,224.85
S00664,13,3,1.86,J0664,Sheffield,265,119.25,0.66,5,32,6,192,311.25
S00665,7,3,2.08,J0665,Liverpool,168,75.6,0.87,2,42,6,252,327.6
S00666,15,1,1.99,J0666,Liverpool,291,130.95,0.71,4,24,10,240,370.95
S00667,12,0,1.25,J0667,Liverpool,14,6.3,0.82,1,25,9,225,231.3
S00668,1,0,2.84,J0668,Glasgow,199,89.55,0.82,5,43,10,430,519.55
S00669,15,3,3.93,J0669,Glasgow,122,54.9,0.94,5,33,11,363,417.9
S00670,4,4,3.43,J0670,Birmingham,274,123.3,0.8,4,31,9,279,402.3
S00671,13,2,3.69,J0671,London,84,37.8,0.75,2,23,6,138,175.8
S00672,5,3,1.32,J0672,Liverpool,97,43.65,0.57,1,42,5,210,253.65
S00673,2,4,4.81,J0673,Bristol,270,121.5,0.56,2,25,7,175,296.5
S00674,1,4,4.35,J0674,London,261,117.45,0.58,2,29,10,290,407.45
S00675,16,1,4.22,J0675,Birmingham,137,61.65,0.59,1,37,7,259,320.65
S00676,6,1,4.29,J0676,Leeds,280,126.0,0.82,1,34,7,238,364.0
S00677,16,0,4.73,J0677,London,268,120.6,0.87,5,27,7,189,309.6
S00678,14,0,3.18,J0678,London,175,78.75,0.76,5,28,6,168,246.75
S00679,3,2,1.8,J0679,Nottingham,5,2.25,0.91,1,24,4,96,98.25
S00680,15,2,3.47,J0680,Manchester,68,30.6,1.0,3,29,6,174,204.6
S00681,3,2,3.97,J0681,Nottingham,288,129.6,0.91,5,39,7,273,402.6
S00682,2,2,3.95,J0682,Sheffield,125,56.25,0.85,3,25,6,150,206.25
S00683,1,4,3.09,J0683,Glasgow,111,49.95,0.77,1,35,7,245,294.95
S00684,9,4,1.27,J0684,Glasgow,179,80.55,0.72,5,43,8,344,424.55
S00685,9,0,2.48,J0685,Manchester,208,93.6,0.54,2,22,9,198,291.6
S00686,7,1,4.68,J0686,Newcastle,169,76.05,0.7,1,29,4,116,192.05
S00687,3,1,3.34,J0687,Newcastle,124,55.8,0.96,4,30,8,240,295.8
S00688,18,3,3.15,J0688,Birmingham,48,21.6,0.9,3,30,5,150,171.6
S00689,11,4,2.08,J0689,Manchester,160,72.0,0.61,1,36,6,216,288.0
S00690,7,2,2.47,J0690,London,211,94.95,0.73,1,23,5,115,209.95
S00691,9,2,4.58,J0691,Newcastle,112,50.4,0.91,5,23,10,230,280.4
S00692,1,3,3.67,J0692,Liverpool,255,114.75,0.53,5,36,6,216,330.75
S00693,14,1,4.15,J0693,Bristol,134,60.3,0.69,5,28,11,308,368.3
S00694,6,2,2.82,J0694,London,297,133.65,0.93,4,38,11,418,551.65
S00695,7,1,3.52,J0695,Sheffield,24,10.8,0.7,5,24,9,216,226.8
S00696,10,3,1.99,J0696,Liverpool,286,128.7,0.54,1,41,8,328,456.7
S00697,7,1,3.82,J0697,Liverpool,289,130.05,0.77,5,43,9,387,517.05
S00698,2,1,2.71,J0698,Manchester,5,2.25,0.93,2,25,10,250,252.25
S00699,4,1,2.77,J0699,Birmingham,123,55.35,0.8,5,22,7,154,209.35
S00700,17,2,3.6,J0700,Sheffield,39,17.55,0.61,4,41,9,369,386.55
S00701,1,0,4.75,J0701,Newcastle,202,90.9,0.69,2,20,9,180,270.9
S00702,10,4,1.26,J0702,Manchester,249,112.05,0.73,1,39,11,429,541.05
S00703,19,1,4.3,J0703,Newcastle,63,28.35,0.79,1,41,7,287,315.35
S00704,15,1,2.17,J0704,Manchester,165,74.25,0.88,3,35,11,385,459.25
S00705,10,1,2.78,J0705,Manchester,183,82.35,0.55,2,42,6,252,334.35
S00706,19,0,1.09,J0706,Manchester,210,94.5,0.94,3,30,7,210,304.5
S00707,12,3,2.2,J0707,Birmingham,16,7.2,0.51,2,32,8,256,263.2
S00708,16,2,3.01,J0708,Manchester,280,126.0,0.69,2,29,9,261,387.0
S00709,9,0,1.22,J0709,Leeds,185,83.25,0.51,4,22,11,242,325.25
S00710,15,1,2.96,J0710,Bristol,246,110.7,0.7,3,28,7,196,306.7
S00711,17,0,4.71,J0711,Newcastle,220,99.0,0.76,4,31,10,310,409.0
S00712,14,0,1.42,J0712,London,255,114.75,0.76,2,42,10,420,534.75
S00713,18,0,4.06,J0713,Nottingham,130,58.5,0.58,1,33,9,297,355.5
S00714,2,3,2.64,J0714,Sheffield,221,99.45,0.82,2,20,8,160,259.45
S00715,4,4,3.62,J0715,Glasgow,289,130.05,0.52,4,37,5,185,315.05
S00716,18,2,2.04,J0716,Birmingham,189,85.05,0.88,3,36,11,396,481.05
S00717,7,3,1.64,J0717,London,43,19.35,0.97,3,28,8,224,243.35
S00718,13,3,1.64,J0718,Liverpool,227,102.15,0.67,4,28,4,112,214.15
S00719,15,4,1.28,J0719,Leeds,188,84.6,0.76,3,42,4,168,252.6
S00720,1,3,1.74,J0720,Glasgow,182,81.9,0.69,5,29,4,116,197.9
S00721,11,0,3.66,J0721,Nottingham,298,134.1,0.5,1,38,9,342,476.1
S00722,10,0,4.53,J0722,London,155,69.75,0.69,1,34,10,340,409.75
S00723,5,1,4.26,J0723,Glasgow,130,58.5,0.9,1,24,6,144,202.5
S00724,16,3,3.74,J0724,London,238,107.1,0.8,3,34,11,374,481.1
S00725,11,1,1.44,J0725,Leeds,12,5.4,0.55,3,39,10,390,395.4
S00726,6,2,2.16,J0726,Nottingham,133,59.85,0.92,2,42,6,252,311.85
S00727,9,0,2.24,J0727,Liverpool,268,120.6,0.77,2,44,6,264,384.6
S00728,13,2,2.0,J0728,Manchester,161,72.45,0.92,1,21,10,210,282.45
S00729,8,4,3.06,J0729,Newcastle,9,4.05,0.79,5,32,11,352,356.05
S00730,14,0,3.14,J0730,Liverpool,90,40.5,0.78,2,43,9,387,427.5
S00731,1,2,2.43,J0731,Manchester,179,80.55,0.55,2,35,8,280,360.55
S00732,17,4,2.42,J0732,Birmingham,294,132.3,0.58,3,34,6,204,336.3
S00733,5,2,4.31,J0733,Bristol,197,88.65,0.99,5,44,5,220,308.65
S00734,2,4,4.16,J0734,Sheffield,123,55.35,0.61,1,29,10,290,345.35
S00735,9,4,2.23,J0735,Sheffield,222,99.9,0.99,2,33,10,330,429.9
S00736,4,0,4.66,J0736,Newcastle,118,53.1,0.77,5,29,4,116,169.1
S00737,17,1,4.81,J0737,Nottingham,149,67.05,0.57,5,44,8,352,419.05
S00738,17,4,2.31,J0738,Leeds,30,13.5,0.55,1,33,4,132,145.5
S00739,18,4,2.42,J0739,Nottingham,140,63.0,0.6,5,42,10,420,483.0
S00740,16,0,3.02,J0740,Leeds,236,106.2,0.96,5,28,10,280,386.2
S00741,8,1,4.76,J0741,Nottingham,80,36.0,0.71,5,44,6,264,300.0
S00742,11,3,4.51,J0742,Bristol,293,131.85,0.7,2,33,8,264,395.85
S00743,18,3,1.41,J0743,Birmingham,5,2.25,0.66,1,22,7,154,156.25
S00744,10,1,2.57,J0744,Birmingham,151,67.95,0.57,5,39,5,195,262.95
S00745,13,2,3.21,J0745,Manchester,291,130.95,0.74,5,35,11,385,515.95
S00746,17,0,3.01,J0746,Glasgow,146,65.7,0.57,2,21,6,126,191.7
S00747,18,1,1.78,J0747,Birmingham,57,25.65,0.92,1,29,10,290,315.65
S00748,10,3,4.44,J0748,Birmingham,73,32.85,0.69,3,22,11,242,274.85
S00749,16,4,3.71,J0749,Liverpool,94,42.3,0.69,2,30,6,180,222.3
S00750,5,3,4.35,J0750,Liverpool,224,100.8,0.74,1,30,5,150,250.8
S00751,13,4,4.44,J0751,Manchester,196,88.2,0.72,5,40,10,400,488.2
S00752,18,0,3.99,J0752,Glasgow,67,30.15,1.0,1,40,5,200,230.15
S00753,17,4,2.76,J0753,Newcastle,77,34.65,0.77,1,41,11,451,485.65
S00754,9,1,3.44,J0754,Liverpool,165,74.25,0.54,1,32,7,224,298.25
S00755,14,4,1.64,J0755,Newcastle,173,77.85,0.8,3,26,6,156,233.85
S00756,17,2,3.69,J0756,London,93,41.85,0.58,1,42,9,378,419.85
S00757,4,1,1.72,J0757,Liverpool,180,81.0,0.52,3,36,6,216,297.0
S00758,18,0,3.78,J0758,Bristol,273,122.85,0.99,5,21,4,84,206.85
S00759,15,1,1.92,J0759,Glasgow,77,34.65,0.89,3,31,8,248,282.65
S00760,11,2,1.47,J0760,Manchester,249,112.05,0.99,5,44,8,352,464.05
S00761,12,0,1.66,J0761,London,81,36.45,0.74,5,29,4,116,152.45
S00762,9,3,1.01,J0762,Glasgow,163,73.35,0.77,3,37,10,370,443.35
S00763,13,2,3.87,J0763,Bristol,102,45.9,0.58,2,41,8,328,373.9
S00764,15,0,3.93,J0764,Glasgow,106,47.7,0.62,4,30,5,150,197.7
S00765,15,4,3.06,J0765,Bristol,136,61.2,0.92,1,35,11,385,446.2
S00766,5,1,1.65,J0766,Bristol,106,47.7,0.68,4,36,11,396,443.7
S00767,19,0,1.33,J0767,Newcastle,23,10.35,0.91,1,38,8,304,314.35
S00768,14,1,1.08,J0768,Nottingham,86,38.7,0.85,1,37,8,296,334.7
S00769,17,4,1.66,J0769,London,283,127.35,0.59,5,22,4,88,215.35
S00770,18,0,4.56,J0770,Glasgow,133,59.85,0.75,1,40,10,400,459.85
S00771,3,3,1.97,J0771,Leeds,93,41.85,0.84,1,35,7,245,286.85
S00772,2,2,2.42,J0772,London,217,97.65,0.62,3,25,8,200,297.65
S00773,1,0,1.42,J0773,Nottingham,147,66.15,0.92,4,44,9,396,462.15
S00774,10,4,1.89,J0774,London,69,31.05,0.77,3,31,8,248,279.05
S00775,19,0,3.08,J0775,Birmingham,80,36.0,0.58,1,30,7,210,246.0
S00776,17,1,3.43,J0776,Leeds,203,91.35,0.79,5,34,4,136,227.35
S00777,12,0,1.98,J0777,Nottingham,147,66.15,1.0,3,34,7,238,304.15
S00778,1,3,1.23,J0778,Newcastle,97,43.65,0.58,3,35,4,140,183.65
S00779,12,0,2.56,J0779,Glasgow,228,102.6,0.91,2,29,5,145,247.6
S00780,17,2,1.94,J0780,Sheffield,295,132.75,0.6,1,31,4,124,256.75
S00781,3,0,1.88,J0781,Nottingham,106,47.7,0.89,5,32,5,160,207.7
S00782,11,1,4.84,J0782,Manchester,271,121.95,0.87,3,23,5,115,236.95
S00783,17,0,3.47,J0783,Glasgow,114,51.3,0.65,3,26,4,104,155.3
S00784,3,3,3.23,J0784,Nottingham,269,121.05,0.66,5,41,9,369,490.05
S00785,8,4,2.66,J0785,Birmingham,7,3.15,0.9,1,21,6,126,129.15
S00786,4,0,2.72,J0786,Sheffield,89,40.05,0.73,2,34,4,136,176.05
S00787,7,0,3.16,J0787,Birmingham,286,128.7,0.87,3,27,8,216,344.7
S00788,14,2,3.79,J0788,Sheffield,121,54.45,0.57,2,26,9,234,288.45
S00789,14,3,3.81,J0789,Manchester,225,101.25,0.93,4,34,9,306,407.25
S00790,4,4,1.69,J0790,Glasgow,158,71.1,0.86,1,42,8,336,407.1
S00791,16,1,3.0,J0791,Newcastle,157,70.65,0.95,4,33,6,198,268.65
S00792,1,0,2.65,J0792,Birmingham,16,7.2,0.57,4,27,9,243,250.2
S00793,17,4,4.48,J0793,Birmingham,137,61.65,0.8,4,31,5,155,216.65
S00794,10,1,3.53,J0794,Bristol,297,133.65,0.8,1,32,11,352,485.65
S00795,16,3,3.13,J0795,Sheffield,232,104.4,0.68,1,30,6,180,284.4
S00796,16,3,1.46,J0796,Liverpool,275,123.75,0.73,5,36,10,360,483.75
S00797,8,4,3.42,J0797,Glasgow,47,21.15,0.52,2,36,8,288,309.15
S00798,7,1,1.47,J0798,Sheffield,25,11.25,0.87,2,43,6,258,269.25
S00799,6,3,2.35,J0799,Bristol,111,49.95,0.77,5,23,4,92,141.95
S00800,16,4,1.57,J0800,London,121,54.45,0.53,5,40,11,440,494.45
S00801,16,3,3.77,J0801,Sheffield,128,57.6,0.84,4,27,6,162,219.6
S00802,7,3,1.83,J0802,Newcastle,285,128.25,0.73,5,24,5,120,248.25
S00803,9,3,2.57,J0803,Glasgow,296,133.2,0.52,3,35,11,385,518.2
S00804,14,2,4.58,J0804,Bristol,207,93.15,0.98,2,23,4,92,185.15
S00805,11,1,1.82,J0805,London,55,24.75,0.97,5,41,7,287,311.75
S00806,14,4,3.03,J0806,Leeds,275,123.75,0.76,3,34,8,272,395.75
S00807,7,4,2.68,J0807,Bristol,281,126.45,0.55,3,31,11,341,467.45
S00808,1,1,1.07,J0808,Leeds,145,65.25,0.88,3,24,8,192,257.25
S00809,13,1,4.17,J0809,Glasgow,279,125.55,0.75,3,42,6,252,377.55
S00810,3,1,1.28,J0810,Birmingham,294,132.3,0.65,4,35,9,315,447.3
S00811,4,1,2.9,J0811,Bristol,56,25.2,0.75,3,33,4,132,157.2
S00812,11,0,3.24,J0812,Manchester,31,13.95,0.76,4,29,7,203,216.95
S00813,2,4,3.51,J0813,Leeds,161,72.45,0.78,4,26,4,104,176.45
S00814,14,0,3.75,J0814,Newcastle,243,109.35,0.72,3,32,8,256,365.35
S00815,12,3,2.01,J0815,Manchester,160,72.0,0.8,2,39,4,156,228.0
S00816,17,3,1.04,J0816,Nottingham,295,132.75,0.96,3,24,7,168,300.75
S00817,12,4,3.89,J0817,Nottingham,140,63.0,0.68,3,22,9,198,261.0
S00818,12,3,3.14,J0818,London,148,66.6,0.86,3,34,6,204,270.6
S00819,1,1,4.34,J0819,Birmingham,110,49.5,0.95,2,23,5,115,164.5
S00820,13,0,4.29,J0820,Glasgow,162,72.9,0.73,1,34,4,136,208.9
S00821,14,1,4.37,J0821,Bristol,150,67.5,0.72,1,33,11,363,430.5
S00822,2,3,2.94,J0822,Liverpool,6,2.7,0.8,4,39,5,195,197.7
S00823,12,0,2.33,J0823,Newcastle,81,36.45,0.8,4,38,8,304,340.45
S00824,16,1,4.17,J0824,Leeds,136,61.2,0.9,2,32,6,192,253.2
S00825,4,4,2.81,J0825,Glasgow,94,42.3,0.74,5,29,10,290,332.3
S00826,8,1,1.73,J0826,Manchester,267,120.15,1.0,1,40,6,240,360.15
S00827,2,3,4.42,J0827,Nottingham,112,50.4,0.53,4,24,4,96,146.4
S00828,10,0,4.53,J0828,Newcastle,78,35.1,0.5,1,42,11,462,497.1
S00829,9,4,2.87,J0829,Liverpool,43,19.35,0.82,2,39,9,351,370.35
S00830,15,0,1.3,J0830,Bristol,163,73.35,0.65,2,39,6,234,307.35
S00831,13,4,2.55,J0831,London,75,33.75,0.62,5,44,4,176,209.75
S00832,17,0,4.21,J0832,Liverpool,245,110.25,0.66,5,25,4,100,210.25
S00833,16,3,4.61,J0833,Newcastle,40,18.0,0.63,2,23,5,115,133.0
S00834,2,4,1.81,J0834,Liverpool,88,39.6,0.52,4,21,6,126,165.6
S00835,14,2,1.27,J0835,Newcastle,267,120.15,0.99,1,41,4,164,284.15
S00836,3,0,4.51,J0836,Newcastle,176,79.2,0.61,3,35,5,175,254.2
S00837,12,0,2.56,J0837,Sheffield,177,79.65,0.87,5,37,11,407,486.65
S00838,8,1,3.17,J0838,Leeds,51,22.95,0.88,3,24,7,168,190.95
S00839,2,4,4.87,J0839,Nottingham,145,65.25,0.96,4,41,11,451,516.25
S00840,4,2,1.27,J0840,Sheffield,122,54.9,0.52,5,23,10,230,284.9
S00841,14,3,3.59,J0841,Bristol,281,126.45,0.94,3,32,5,160,286.45
S00842,16,1,1.3,J0842,Sheffield,218,98.1,0.76,4,38,5,190,288.1
S00843,19,2,2.5,J0843,Birmingham,224,100.8,0.82,1,42,4,168,268.8
S00844,2,4,4.22,J0844,Birmingham,30,13.5,0.82,4,21,8,168,181.5
S00845,12,2,2.73,J0845,Nottingham,13,5.85,0.91,5,32,8,256,261.85
S00846,14,0,4.99,J0846,Liverpool,275,123.75,0.67,2,30,9,270,393.75
S00847,6,0,3.24,J0847,Leeds,14,6.3,0.87,1,41,8,328,334.3
S00848,13,1,2.28,J0848,Nottingham,125,56.25,0.76,3,23,5,115,171.25
S00849,4,4,1.88,J0849,Newcastle,129,58.05,0.9,5,41,9,369,427.05
S00850,18,4,2.4,J0850,Manchester,174,78.3,1.0,2,39,11,429,507.3
S00851,12,2,2.49,J0851,Leeds,76,34.2,0.6,4,39,4,156,190.2
S00852,19,1,1.27,J0852,Leeds,156,70.2,1.0,2,34,11,374,444.2
S00853,8,4,2.48,J0853,Newcastle,212,95.4,0.54,5,23,6,138,233.4
S00854,7,0,2.86,J0854,Newcastle,53,23.85,0.5,5,28,10,280,303.85
S00855,16,2,3.89,J0855,London,158,71.1,0.52,2,26,10,260,331.1
S00856,19,3,3.63,J0856,Nottingham,297,133.65,0.67,4,38,5,190,323.65
S00857,6,0,3.84,J0857,Newcastle,72,32.4,0.82,2,38,5,190,222.4
S00858,11,1,1.03,J0858,Birmingham,54,24.3,0.53,5,25,9,225,249.3
S00859,5,4,1.87,J0859,Bristol,156,70.2,0.5,5,25,4,100,170.2
S00860,16,0,3.65,J0860,Manchester,23,10.35,0.97,3,39,7,273,283.35
S00861,7,3,2.94,J0861,Nottingham,104,46.8,0.91,3,34,5,170,216.8
S00862,5,3,1.02,J0862,Glasgow,64,28.8,0.9,1,34,7,238,266.8
S00863,11,1,4.22,J0863,Birmingham,171,76.95,0.94,5,44,11,484,560.95
S00864,15,0,4.09,J0864,Liverpool,206,92.7,0.85,3,39,7,273,365.7
S00865,3,2,3.19,J0865,Newcastle,150,67.5,0.55,2,28,8,224,291.5
S00866,5,0,1.27,J0866,Glasgow,168,75.6,0.7,4,23,4,92,167.6
S00867,5,3,4.07,J0867,Newcastle,246,110.7,0.86,2,37,10,370,480.7
S00868,9,1,3.33,J0868,Leeds,73,32.85,0.64,4,37,10,370,402.85
S00869,15,1,4.13,J0869,Birmingham,179,80.55,0.84,3,24,7,168,248.55
S00870,3,2,4.01,J0870,Leeds,53,23.85,0.51,1,39,10,390,413.85
S00871,6,1,4.21,J0871,London,112,50.4,0.65,2,42,11,462,512.4
S00872,17,1,3.07,J0872,Leeds,230,103.5,0.77,2,30,4,120,223.5
S00873,8,1,1.56,J0873,London,165,74.25,0.82,2,24,8,192,266.25
S00874,11,1,3.68,J0874,London,123,55.35,0.79,4,41,4,164,219.35
S00875,6,1,3.48,J0875,Glasgow,153,68.85,0.85,3,23,5,115,183.85
S00876,8,3,3.97,J0876,Newcastle,154,69.3,0.5,2,31,7,217,286.3
S00877,10,0,1.68,J0877,Liverpool,297,133.65,0.55,2,21,4,84,217.65
S00878,3,4,1.78,J0878,Leeds,147,66.15,0.93,1,32,11,352,418.15
S00879,14,1,4.56,J0879,Birmingham,164,73.8,0.84,1,29,10,290,363.8
S00880,14,4,4.0,J0880,London,15,6.75,0.56,3,28,6,168,174.75
S00881,10,4,4.63,J0881,Newcastle,142,63.9,0.92,3,29,4,116,179.9
S00882,12,3,4.03,J0882,Manchester,82,36.9,0.62,5,26,7,182,218.9
S00883,6,1,3.39,J0883,Nottingham,81,36.45,0.74,1,23,8,184,220.45
S00884,12,4,3.62,J0884,Glasgow,258,116.1,0.57,5,38,10,380,496.1
S00885,14,1,4.56,J0885,Liverpool,262,117.9,0.86,4,29,8,232,349.9
S00886,2,2,3.32,J0886,Sheffield,295,132.75,0.83,5,22,7,154,286.75
S00887,9,2,3.53,J0887,Glasgow,267,120.15,0.61,2,44,10,440,560.15
S00888,10,2,1.63,J0888,Manchester,89,40.05,0.93,5,40,5,200,240.05
S00889,17,4,2.9,J0889,Nottingham,150,67.5,0.7,3,38,10,380,447.5
S00890,17,2,3.87,J0890,Manchester,46,20.7,0.65,4,40,5,200,220.7
S00891,3,3,2.08,J0891,Leeds,129,58.05,0.58,2,21,8,168,226.05
S00892,19,3,1.81,J0892,London,171,76.95,0.63,5,39,8,312,388.95
S00893,1,4,2.26,J0893,Liverpool,245,110.25,0.51,4,29,7,203,313.25
S00894,12,1,1.97,J0894,Bristol,284,127.8,0.79,4,21,5,105,232.8
S00895,7,0,1.86,J0895,London,192,86.4,0.92,2,21,8,168,254.4
S00896,4,1,2.7,J0896,Bristol,23,10.35,0.77,5,43,5,215,225.35
S00897,10,1,4.63,J0897,Nottingham,72,32.4,0.61,4,36,8,288,320.4
S00898,13,1,3.03,J0898,Newcastle,222,99.9,0.52,4,35,10,350,449.9
S00899,2,1,1.75,J0899,Sheffield,106,47.7,0.61,1,35,4,140,187.7
S00900,10,0,1.31,J0900,Birmingham,46,20.7,0.71,4,33,11,363,383.7
S00901,4,2,3.78,J0901,London,292,131.4,0.88,1,26,6,156,287.4
S00902,18,1,2.53,J0902,Liverpool,171,76.95,0.59,5,40,11,440,516.95
S00903,5,3,4.29,J0903,Manchester,113,50.85,0.86,5,30,10,300,350.85
S00904,19,4,3.64,J0904,Liverpool,40,18.0,0.93,5,43,9,387,405.0
S00905,2,4,4.18,J0905,Nottingham,236,106.2,0.73,3,20,11,220,326.2
S00906,12,3,2.09,J0906,Bristol,233,104.85,0.91,5,30,4,120,224.85
S00907,17,1,3.77,J0907,Manchester,168,75.6,0.78,4,42,9,378,453.6
S00908,10,0,2.06,J0908,Birmingham,77,34.65,0.82,2,40,8,320,354.65
S00909,2,2,4.76,J0909,Birmingham,140,63.0,0.76,1,23,6,138,201.0
S00910,6,4,3.55,J0910,London,74,33.3,0.73,3,26,6,156,189.3
S00911,8,2,2.3,J0911,Nottingham,200,90.0,0.62,5,34,8,272,362.0
S00912,19,0,2.08,J0912,Newcastle,273,122.85,0.65,5,37,8,296,418.85
S00913,11,4,1.76,J0913,Nottingham,53,23.85,0.64,2,31,5,155,178.85
S00914,12,2,3.78,J0914,Bristol,134,60.3,0.78,2,36,8,288,348.3
S00915,9,0,1.87,J0915,Liverpool,9,4.05,0.56,3,20,7,140,144.05
S00916,2,2,3.38,J0916,Birmingham,31,13.95,0.96,1,30,11,330,343.95
S00917,8,1,2.06,J0917,Liverpool,164,73.8,0.86,5,20,8,160,233.8
S00918,11,0,3.65,J0918,Liverpool,153,68.85,0.7,3,34,7,238,306.85
S00919,4,2,4.26,J0919,Liverpool,268,120.6,0.58,4,40,8,320,440.6
S00920,10,1,4.11,J0920,Birmingham,234,105.3,0.94,4,29,5,145,250.3
S00921,16,1,4.04,J0921,Glasgow,204,91.8,0.91,3,26,7,182,273.8
S00922,8,0,1.75,J0922,Leeds,54,24.3,0.86,5,21,11,231,255.3
S00923,4,3,1.35,J0923,Bristol,71,31.95,0.64,3,29,4,116,147.95
S00924,10,4,3.8,J0924,Glasgow,62,27.9,0.7,5,43,7,301,328.9
S00925,12,0,2.47,J0925,Bristol,263,118.35,0.55,2,23,10,230,348.35
S00926,14,1,2.73,J0926,Manchester,134,60.3,0.59,3,31,5,155,215.3
S00927,16,1,1.12,J0927,Nottingham,219,98.55,0.89,5,38,9,342,440.55
S00928,18,0,2.04,J0928,Nottingham,176,79.2,0.86,3,30,11,330,409.2
S00929,12,3,1.13,J0929,Sheffield,262,117.9,0.8,3,27,7,189,306.9
S00930,18,4,4.52,J0930,Nottingham,106,47.7,0.95,5,37,10,370,417.7
S00931,7,2,1.97,J0931,Birmingham,213,95.85,0.79,5,30,10,300,395.85
S00932,7,0,3.23,J0932,Newcastle,295,132.75,0.73,1,30,11,330,462.75
S00933,9,4,1.16,J0933,London,290,130.5,0.67,3,32,11,352,482.5
S00934,1,4,3.67,J0934,Sheffield,120,54.0,0.97,4,22,10,220,274.0
S00935,6,1,2.29,J0935,London,268,120.6,0.54,3,31,8,248,368.6
S00936,6,2,4.59,J0936,Bristol,154,69.3,0.97,3,22,10,220,289.3
S00937,12,0,4.55,J0937,London,40,18.0,0.91,5,29,8,232,250.0
S00938,12,1,2.3,J0938,London,291,130.95,0.56,3,36,9,324,454.95
S00939,10,1,4.6,J0939,Sheffield,212,95.4,0.78,3,41,5,205,300.4
S00940,6,3,4.98,J0940,Manchester,110,49.5,0.93,4,21,6,126,175.5
S00941,17,4,4.3,J0941,Liverpool,162,72.9,0.79,5,36,8,288,360.9
S00942,19,0,4.38,J0942,Nottingham,125,56.25,0.95,3,35,10,350,406.25
S00943,18,0,2.0,J0943,Nottingham,59,26.55,0.97,2,21,10,210,236.55
S00944,6,0,3.31,J0944,Birmingham,16,7.2,0.71,1,41,4,164,171.2
S00945,19,1,1.27,J0945,Sheffield,149,67.05,0.69,4,39,10,390,457.05
S00946,10,3,1.38,J0946,Birmingham,140,63.0,0.97,3,25,5,125,188.0
S00947,8,2,5.0,J0947,Newcastle,7,3.15,0.84,2,44,7,308,311.15
S00948,6,1,2.31,J0948,Newcastle,148,66.6,0.56,3,29,7,203,269.6
S00949,7,2,3.99,J0949,Birmingham,34,15.3,0.52,3,29,10,290,305.3
S00950,1,3,4.23,J0950,Sheffield,241,108.45,0.78,5,27,4,108,216.45
S00951,18,4,4.43,J0951,Birmingham,283,127.35,0.97,5,20,8,160,287.35
S00952,12,0,4.99,J0952,Nottingham,119,53.55,0.92,5,32,5,160,213.55
S00953,16,2,1.97,J0953,Glasgow,108,48.6,0.84,2,43,4,172,220.6
S00954,10,1,1.16,J0954,Leeds,122,54.9,0.57,3,28,8,224,278.9
S00955,10,2,2.64,J0955,London,9,4.05,0.63,1,41,5,205,209.05
S00956,14,4,1.52,J0956,Leeds,252,113.4,0.94,4,29,10,290,403.4
S00957,10,0,1.09,J0957,Sheffield,125,56.25,0.59,5,34,7,238,294.25
S00958,10,2,2.44,J0958,Leeds,290,130.5,0.64,5,24,5,120,250.5
S00959,11,4,4.13,J0959,Newcastle,153,68.85,0.56,3,41,10,410,478.85
S00960,2,1,3.26,J0960,Bristol,88,39.6,0.84,3,35,9,315,354.6
S00961,8,3,2.25,J0961,London,235,105.75,0.97,2,32,6,192,297.75
S00962,7,1,3.62,J0962,Liverpool,292,131.4,0.63,2,41,5,205,336.4
S00963,8,0,1.93,J0963,Sheffield,165,74.25,0.74,5,44,6,264,338.25
S00964,1,1,1.06,J0964,London,276,124.2,0.82,3,39,5,195,319.2
S00965,2,1,4.06,J0965,Leeds,42,18.9,1.0,1,37,6,222,240.9
S00966,18,1,3.49,J0966,Newcastle,230,103.5,0.55,4,30,9,270,373.5
S00967,15,1,4.05,J0967,Manchester,146,65.7,0.75,3,28,7,196,261.7
S00968,1,0,1.16,J0968,Glasgow,296,133.2,0.69,3,35,11,385,518.2
S00969,5,4,4.35,J0969,Liverpool,155,69.75,0.93,2,21,8,168,237.75
S00970,2,2,3.48,J0970,Glasgow,118,53.1,0.74,4,44,6,264,317.1
S00971,3,3,3.25,J0971,London,241,108.45,0.56,5,21,9,189,297.45
S00972,19,2,3.5,J0972,Newcastle,70,31.5,0.82,3,31,6,186,217.5
S00973,18,2,4.46,J0973,Newcastle,262,117.9,0.89,5,27,7,189,306.9
S00974,18,3,3.35,J0974,Leeds,253,113.85,0.5,3,28,6,168,281.85
S00975,14,0,3.32,J0975,Nottingham,184,82.8,0.93,5,31,9,279,361.8
S00976,8,3,4.96,J0976,Leeds,194,87.3,0.59,4,28,10,280,367.3
S00977,12,0,4.03,J0977,Nottingham,158,71.1,0.78,2,29,9,261,332.1
S00978,10,2,2.77,J0978,Nottingham,200,90.0,0.71,4,44,11,484,574.0
S00979,17,0,3.83,J0979,Liverpool,266,119.7,0.86,1,21,11,231,350.7
S00980,11,4,2.56,J0980,Leeds,147,66.15,0.69,2,35,11,385,451.15
S00981,2,3,1.92,J0981,Manchester,105,47.25,0.93,4,39,4,156,203.25
S00982,4,4,3.39,J0982,Birmingham,248,111.6,0.87,1,26,7,182,293.6
S00983,1,2,4.71,J0983,Birmingham,16,7.2,0.82,3,21,10,210,217.2
S00984,15,3,4.72,J0984,Leeds,243,109.35,0.9,3,20,4,80,189.35
S00985,13,2,2.37,J0985,Leeds,53,23.85,0.88,5,38,7,266,289.85
S00986,8,4,3.11,J0986,Glasgow,46,20.7,0.52,2,23,10,230,250.7
S00987,4,2,1.85,J0987,Liverpool,170,76.5,0.7,3,43,6,258,334.5
S00988,10,3,4.98,J0988,Leeds,86,38.7,0.97,2,41,10,410,448.7
S00989,19,3,4.92,J0989,Glasgow,295,132.75,0.56,3,21,9,189,321.75
S00990,18,2,3.6,J0990,Nottingham,162,72.9,0.87,5,44,4,176,248.9
S00991,5,3,4.22,J0991,Newcastle,220,99.0,0.99,4,33,6,198,297.0
S00992,19,3,3.86,J0992,Newcastle,162,72.9,0.53,5,21,9,189,261.9
S00993,16,2,3.37,J0993,Nottingham,138,62.1,0.84,1,34,7,238,300.1
S00994,1,4,1.21,J0994,Sheffield,71,31.95,0.73,3,31,10,310,341.95
S00995,12,3,2.82,J0995,Glasgow,11,4.95,0.79,1,24,9,216,220.95
S00996,2,3,3.7,J0996,Glasgow,18,8.1,0.54,1,39,6,234,242.1
S00997,8,3,3.71,J0997,Nottingham,77,34.65,0.52,2,26,4,104,138.65
S00998,18,3,2.49,J0998,Manchester,167,75.15,0.83,3,43,4,172,247.15
S00999,16,2,4.77,J0999,Bristol,70,31.5,0.91,1,40,11,440,471.5
