Staff ID,Job_ID,Job_Location,Job_Priority,Skill_Match,Satisfaction Score,Distance_km,Job_Hours,Total_Cost
S00607,J0607,Nottingham,5,0.73,3.4,41,4,110.45
S00799,J0799,Bristol,5,0.77,2.35,111,4,141.95
S00761,J0761,London,5,0.74,1.66,81,4,152.45
S00650,J0650,London,5,0.5,2.74,6,6,158.7
S00327,J0327,Nottingham,5,0.71,4.92,56,5,160.2
S00317,J0317,Nottingham,5,0.74,4.23,191,4,165.95
S00390,J0390,Bristol,5,0.77,2.43,60,7,167.0
S00736,J0736,Newcastle,5,0.77,4.66,118,4,169.1
S00859,J0859,Bristol,5,0.5,1.87,156,4,170.2
S00630,J0630,Birmingham,5,0.77,3.72,70,4,171.5
S00038,J0038,Manchester,5,0.81,2.55,29,6,175.05
S00569,J0569,Birmingham,5,0.61,1.23,110,4,177.5
S00017,J0017,Nottingham,5,0.74,4.64,5,9,182.25
S00555,J0555,Leeds,5,0.94,3.2,6,5,182.7
S00061,J0061,Newcastle,5,0.74,1.08,36,4,188.2
S00575,J0575,Sheffield,5,0.53,1.8,45,7,188.25
S00430,J0430,Leeds,5,0.58,4.76,117,4,188.65
S00285,J0285,Nottingham,5,0.87,2.46,20,6,189.0
S00366,J0366,Nottingham,5,0.7,1.91,33,7,189.85
S00165,J0165,London,5,0.58,4.16,38,6,191.1
S00720,J0720,Glasgow,5,0.69,1.74,182,4,197.9
S00460,J0460,Sheffield,5,0.67,3.65,231,5,203.95
S00571,J0571,Glasgow,5,0.87,4.78,13,5,205.85
S00758,J0758,Bristol,5,0.99,3.78,273,4,206.85
S00781,J0781,Nottingham,5,0.89,1.88,106,5,207.7
S00699,J0699,Birmingham,5,0.8,2.77,123,7,209.35
S00831,J0831,London,5,0.62,2.55,75,4,209.75
S00832,J0832,Liverpool,5,0.66,4.21,245,4,210.25
S00952,J0952,Nottingham,5,0.92,4.99,119,5,213.55
S00769,J0769,London,5,0.59,1.66,283,4,215.35
S00950,J0950,Sheffield,5,0.78,4.23,241,4,216.45
S00882,J0882,Manchester,5,0.62,4.03,82,7,218.9
S00302,J0302,London,5,0.74,4.56,276,5,224.2
S00663,J0663,Liverpool,5,0.7,1.99,233,4,224.85
S00906,J0906,Bristol,5,0.91,2.09,233,4,224.85
S00896,J0896,Bristol,5,0.77,2.7,23,5,225.35
S00032,J0032,Liverpool,5,0.69,4.45,21,6,225.45
S00695,J0695,Sheffield,5,0.7,3.52,24,9,226.8
S00776,J0776,Leeds,5,0.79,3.43,203,4,227.35
S00428,J0428,Leeds,5,0.68,1.28,50,6,232.5
S00853,J0853,Newcastle,5,0.54,2.48,212,6,233.4
S00917,J0917,Liverpool,5,0.86,2.06,164,8,233.8
S00282,J0282,Newcastle,5,0.84,3.18,8,7,234.6
S00600,J0600,Liverpool,5,0.7,4.87,225,4,237.25
S00177,J0177,Manchester,5,0.82,1.02,102,6,237.9
S00364,J0364,Liverpool,5,0.99,2.43,109,5,239.05
S00888,J0888,Manchester,5,0.93,1.63,89,5,240.05
S00124,J0124,London,5,0.73,3.59,123,5,240.35
S00219,J0219,Nottingham,5,0.84,4.56,221,7,246.45
S00678,J0678,London,5,0.76,3.18,175,6,246.75
S00802,J0802,Newcastle,5,0.73,1.83,285,5,248.25
S00358,J0358,Newcastle,5,0.51,1.65,273,6,248.85
S00990,J0990,Nottingham,5,0.87,3.6,162,4,248.9
S00858,J0858,Birmingham,5,0.53,1.03,54,9,249.3
S00937,J0937,London,5,0.91,4.55,40,8,250.0
S00452,J0452,London,5,0.56,1.9,214,7,250.3
S00958,J0958,Leeds,5,0.64,2.44,290,5,250.5
S00655,J0655,Liverpool,5,0.63,3.55,235,5,250.75
S00211,J0211,Leeds,5,0.64,1.55,231,6,253.95
S00922,J0922,Leeds,5,0.86,1.75,54,11,255.3
S00001,J0001,Leeds,5,0.61,2.78,108,9,255.6
S00258,J0258,Bristol,5,0.51,2.49,90,6,256.5
S00401,J0401,London,5,0.78,1.88,63,10,258.35
S00845,J0845,Nottingham,5,0.91,2.73,13,8,261.85
S00992,J0992,Newcastle,5,0.53,3.86,162,9,261.9
S00744,J0744,Birmingham,5,0.57,2.57,151,5,262.95
S00320,J0320,Newcastle,5,0.52,2.73,202,4,266.9
S00118,J0118,Sheffield,5,0.83,2.91,86,10,268.7
S00295,J0295,London,5,0.96,2.55,100,8,269.0
S00206,J0206,Leeds,5,0.58,4.52,293,6,269.85
S00642,J0642,London,5,0.84,1.41,25,10,271.25
S00146,J0146,Bristol,5,0.98,1.22,44,6,271.8
S00299,J0299,Bristol,5,0.61,4.67,249,4,272.05
S00240,J0240,Birmingham,5,0.83,3.08,268,6,276.6
S00132,J0132,Birmingham,5,0.92,3.73,284,5,277.8
S00403,J0403,Liverpool,5,0.55,1.14,273,5,277.85
S00055,J0055,Leeds,5,0.86,1.25,53,8,279.85
S00691,J0691,Newcastle,5,0.91,4.58,112,10,280.4
S00091,J0091,London,5,0.93,1.31,253,8,281.85
S00840,J0840,Sheffield,5,0.52,1.27,122,10,284.9
S00116,J0116,Glasgow,5,0.52,4.62,289,6,286.05
S00886,J0886,Sheffield,5,0.83,3.32,295,7,286.75
S00951,J0951,Birmingham,5,0.97,4.43,283,8,287.35
S00107,J0107,Nottingham,5,0.73,1.2,227,6,288.15
S00623,J0623,Bristol,5,0.61,1.62,54,11,288.3
S00985,J0985,Leeds,5,0.88,2.37,53,7,289.85
S00489,J0489,Manchester,5,0.87,4.04,151,6,289.95
S00119,J0119,Bristol,5,0.9,1.9,6,9,290.7
S00519,J0519,Bristol,5,0.69,2.54,277,6,292.65
S00262,J0262,Newcastle,5,0.85,4.9,11,9,292.95
S00957,J0957,Sheffield,5,0.59,1.09,125,7,294.25
S00221,J0221,Bristol,5,0.77,2.47,108,6,294.6
S00527,J0527,Liverpool,5,0.98,3.82,68,6,294.6
S00613,J0613,Leeds,5,0.74,2.0,97,7,295.65
S00180,J0180,Sheffield,5,0.87,3.67,177,7,296.65
S00971,J0971,London,5,0.56,3.25,241,9,297.45
S00641,J0641,Newcastle,5,0.94,4.91,44,10,299.8
S00741,J0741,Nottingham,5,0.71,4.76,80,6,300.0
S00611,J0611,Nottingham,5,0.73,1.06,247,7,300.15
S00155,J0155,Liverpool,5,0.76,4.36,33,7,301.85
S00162,J0162,Bristol,5,0.69,2.08,132,9,302.4
S00854,J0854,Newcastle,5,0.5,2.86,53,10,303.85
S00973,J0973,Newcastle,5,0.89,4.46,262,7,306.9
S00733,J0733,Bristol,5,0.99,4.31,197,5,308.65
S00190,J0190,Leeds,5,0.84,2.44,33,7,308.85
S00677,J0677,London,5,0.87,4.73,268,7,309.6
S00223,J0223,Manchester,5,0.92,1.45,29,11,310.05
S00465,J0465,Glasgow,5,0.99,2.3,83,7,310.35
S00664,J0664,Sheffield,5,0.66,1.86,265,6,311.25
S00805,J0805,London,5,0.97,1.82,55,7,311.75
S00435,J0435,London,5,0.87,2.33,167,8,323.15
S00399,J0399,Nottingham,5,0.78,1.41,96,8,323.2
S00245,J0245,Nottingham,5,0.59,3.09,204,8,323.8
S00185,J0185,Manchester,5,0.88,2.19,134,6,324.3
S00643,J0643,Manchester,5,0.63,1.03,229,7,327.05
S00924,J0924,Glasgow,5,0.7,3.8,62,7,328.9
S00692,J0692,Liverpool,5,0.53,3.67,255,6,330.75
S00531,J0531,Glasgow,5,0.91,1.21,281,5,331.45
S00825,J0825,Glasgow,5,0.74,2.81,94,10,332.3
S00269,J0269,Liverpool,5,0.56,2.59,277,8,332.65
S00003,J0003,Liverpool,5,0.79,2.96,137,8,333.65
S00591,J0591,Leeds,5,0.57,2.69,91,9,337.95
S00963,J0963,Sheffield,5,0.74,1.93,165,6,338.25
S00065,J0065,Glasgow,5,0.62,3.77,148,7,339.6
S00092,J0092,Liverpool,5,0.7,2.63,243,6,343.35
S00316,J0316,Birmingham,5,0.96,2.1,144,9,343.8
S00305,J0305,London,5,0.85,1.59,270,8,345.5
S00346,J0346,Birmingham,5,0.89,4.63,13,9,347.85
S00072,J0072,Manchester,5,0.81,4.83,117,11,349.65
S00197,J0197,Leeds,5,0.88,2.48,299,6,350.55
S00903,J0903,Manchester,5,0.86,4.29,113,10,350.85
S00393,J0393,Glasgow,5,0.51,3.26,241,7,353.45
S00369,J0369,Sheffield,5,0.77,2.29,230,6,355.5
S00729,J0729,Newcastle,5,0.79,3.06,9,11,356.05
S00941,J0941,Liverpool,5,0.79,4.3,162,8,360.9
S00975,J0975,Nottingham,5,0.93,3.32,184,9,361.8
S00911,J0911,Nottingham,5,0.62,2.3,200,8,362.0
S00268,J0268,London,5,0.69,2.83,107,10,368.15
S00693,J0693,Bristol,5,0.69,4.15,134,11,368.3
S00232,J0232,Manchester,5,0.74,2.65,279,8,373.55
S00174,J0174,Nottingham,5,0.94,2.55,138,8,374.1
S00048,J0048,Sheffield,5,0.82,4.82,53,9,374.85
S00126,J0126,Leeds,5,0.99,4.55,265,6,377.25
S00249,J0249,London,5,0.76,4.08,147,8,378.15
S00328,J0328,London,5,0.92,4.17,264,9,379.8
S00512,J0512,Sheffield,5,0.83,3.25,185,10,383.25
S00740,J0740,Leeds,5,0.96,3.02,236,10,386.2
S00892,J0892,London,5,0.63,1.81,171,8,388.95
S00252,J0252,Newcastle,5,0.61,2.06,51,9,391.95
S00931,J0931,Birmingham,5,0.79,1.97,213,10,395.85
S00294,J0294,London,5,0.85,3.54,278,8,397.1
S00005,J0005,Glasgow,5,0.79,4.98,131,11,399.95
S00037,J0037,Sheffield,5,0.88,4.05,156,11,400.2
S00345,J0345,Nottingham,5,0.91,4.17,181,10,401.45
S00681,J0681,Nottingham,5,0.91,3.97,288,7,402.6
S00278,J0278,Newcastle,5,0.59,4.83,175,9,402.75
S00904,J0904,Liverpool,5,0.93,3.64,40,9,405.0
S00196,J0196,Liverpool,5,0.71,2.47,191,10,405.95
S00374,J0374,Sheffield,5,0.57,1.12,265,7,406.25
S00930,J0930,Nottingham,5,0.95,4.52,106,10,417.7
S00669,J0669,Glasgow,5,0.94,3.93,122,11,417.9
S00006,J0006,Birmingham,5,0.74,4.52,110,9,418.5
S00912,J0912,Newcastle,5,0.65,2.08,273,8,418.85
S00737,J0737,Nottingham,5,0.57,4.81,149,8,419.05
S00632,J0632,Bristol,5,0.79,1.06,299,9,422.55
S00261,J0261,Manchester,5,0.57,3.59,121,10,424.45
S00684,J0684,Glasgow,5,0.72,1.27,179,8,424.55
S00849,J0849,Newcastle,5,0.9,1.88,129,9,427.05
S00551,J0551,Birmingham,5,0.87,4.62,152,10,428.4
S00046,J0046,Manchester,5,0.85,4.06,158,10,431.1
S00122,J0122,Birmingham,5,0.75,3.41,238,8,435.1
S00579,J0579,London,5,0.54,2.11,88,9,435.6
S00522,J0522,Leeds,5,0.9,1.05,13,10,435.85
S00247,J0247,Nottingham,5,0.7,1.5,93,11,437.85
S00454,J0454,Nottingham,5,0.55,2.22,196,8,440.2
S00927,J0927,Nottingham,5,0.89,1.12,219,9,440.55
S00417,J0417,Glasgow,5,0.88,4.57,164,9,442.8
S00499,J0499,Birmingham,5,0.67,4.68,275,8,443.75
S00444,J0444,Nottingham,5,0.99,1.15,246,8,446.7
S00468,J0468,Birmingham,5,0.66,1.73,230,8,455.5
S00760,J0760,Manchester,5,0.99,1.47,249,8,464.05
S00292,J0292,Leeds,5,0.79,1.59,273,9,464.85
S00438,J0438,Leeds,5,0.9,3.62,228,9,480.6
S00306,J0306,Leeds,5,0.82,1.03,69,11,482.05
S00088,J0088,Nottingham,5,0.83,3.45,251,10,482.95
S00739,J0739,Nottingham,5,0.6,2.42,140,10,483.0
S00796,J0796,Liverpool,5,0.73,1.46,275,10,483.75
S00157,J0157,Birmingham,5,0.58,1.99,102,10,485.9
S00837,J0837,Sheffield,5,0.87,2.56,177,11,486.65
S00751,J0751,Manchester,5,0.72,4.44,196,10,488.2
S00784,J0784,Nottingham,5,0.66,3.23,269,9,490.05
S00193,J0193,London,5,0.74,2.73,15,11,490.75
S00296,J0296,Liverpool,5,0.89,3.7,231,10,493.95
S00800,J0800,London,5,0.53,1.57,121,11,494.45
S00884,J0884,Glasgow,5,0.57,3.62,258,10,496.1
S00059,J0059,Glasgow,5,0.68,3.51,219,10,498.55
S00449,J0449,Birmingham,5,1.0,3.09,197,10,498.65
S00745,J0745,Manchester,5,0.74,3.21,291,11,515.95
S00902,J0902,Liverpool,5,0.59,2.53,171,11,516.95
S00697,J0697,Liverpool,5,0.77,3.82,289,9,517.05
S00668,J0668,Glasgow,5,0.82,2.84,199,10,519.55
S00541,J0541,Sheffield,5,0.61,1.63,218,11,538.1
S00647,J0647,Bristol,5,0.98,4.66,244,10,539.8
S00863,J0863,Birmingham,5,0.94,4.22,171,11,560.95
S00234,J0234,Liverpool,4,0.56,2.62,48,4,117.6
S00619,J0619,Bristol,4,0.92,3.39,8,5,118.6
S00275,J0275,London,4,0.88,3.99,102,4,129.9
S00066,J0066,Leeds,4,0.57,1.54,23,5,130.35
S00535,J0535,Manchester,4,0.81,1.72,36,6,136.2
S00827,J0827,Nottingham,4,0.53,4.42,112,4,146.4
S00153,J0153,Nottingham,4,0.74,3.83,8,7,150.6
S00589,J0589,Liverpool,4,0.82,3.95,18,4,152.1
S00466,J0466,Glasgow,4,0.95,3.85,62,4,163.9
S00834,J0834,Liverpool,4,0.52,1.81,88,6,165.6
S00866,J0866,Glasgow,4,0.7,1.27,168,4,167.6
S00220,J0220,London,4,0.69,2.15,65,4,169.25
S00604,J0604,Sheffield,4,0.8,4.81,86,6,170.7
S00136,J0136,Bristol,4,0.76,4.22,124,4,171.8
S00135,J0135,Glasgow,4,0.54,4.29,162,4,172.9
S00940,J0940,Manchester,4,0.93,4.98,110,6,175.5
S00476,J0476,Leeds,4,0.86,3.64,79,4,175.55
S00813,J0813,Leeds,4,0.78,3.51,161,4,176.45
S00646,J0646,Glasgow,4,0.86,3.99,104,5,176.8
S00108,J0108,Newcastle,4,0.61,1.29,11,4,176.95
S00844,J0844,Birmingham,4,0.82,4.22,30,8,181.5
S00182,J0182,London,4,0.59,4.04,126,5,181.7
S00094,J0094,Sheffield,4,0.57,1.26,71,6,181.95
S00424,J0424,Glasgow,4,0.72,1.74,16,8,183.2
S00654,J0654,London,4,0.94,3.45,18,8,184.1
S00447,J0447,London,4,0.86,1.0,21,5,184.45
S00851,J0851,Leeds,4,0.6,2.49,76,4,190.2
S00009,J0009,Liverpool,4,0.57,3.48,55,5,194.75
S00764,J0764,Glasgow,4,0.62,3.93,106,5,197.7
S00822,J0822,Liverpool,4,0.8,2.94,6,5,197.7
S00513,J0513,Leeds,4,0.94,4.79,28,6,198.6
S00026,J0026,Glasgow,4,0.64,4.51,248,4,199.6
S00100,J0100,Manchester,4,0.64,4.82,100,4,201.0
S00254,J0254,Leeds,4,0.53,2.17,270,4,201.5
S00981,J0981,Manchester,4,0.93,1.92,105,4,203.25
S00427,J0427,Liverpool,4,0.81,1.83,17,9,205.65
S00172,J0172,Liverpool,4,0.84,3.75,31,7,209.95
S00342,J0342,Leeds,4,0.56,3.49,58,5,211.1
S00718,J0718,Liverpool,4,0.67,1.64,227,4,214.15
S00793,J0793,Birmingham,4,0.8,4.48,137,5,216.65
S00812,J0812,Manchester,4,0.76,3.24,31,7,216.95
S00874,J0874,London,4,0.79,3.68,123,4,219.35
S00801,J0801,Sheffield,4,0.84,3.77,128,6,219.6
S00890,J0890,Manchester,4,0.65,3.87,46,5,220.7
S00380,J0380,London,4,0.87,4.68,94,5,222.3
S00635,J0635,Nottingham,4,0.52,2.8,250,5,222.5
S00391,J0391,Liverpool,4,0.88,4.15,44,7,222.8
S00508,J0508,Leeds,4,0.62,4.91,31,10,223.95
S00144,J0144,London,4,0.63,1.54,18,6,224.1
S00423,J0423,Sheffield,4,0.76,3.36,81,5,226.45
S00314,J0314,Newcastle,4,0.57,3.72,197,5,228.65
S00367,J0367,Liverpool,4,0.77,3.54,141,8,231.45
S00617,J0617,Manchester,4,0.52,2.25,28,11,232.6
S00437,J0437,Liverpool,4,0.66,4.08,237,6,232.65
S00894,J0894,Bristol,4,0.79,1.97,284,5,232.8
S00621,J0621,Newcastle,4,0.73,4.79,24,9,235.8
S00267,J0267,Leeds,4,0.76,4.12,227,4,238.15
S00030,J0030,Bristol,4,0.8,4.92,298,5,239.1
S00510,J0510,Birmingham,4,0.53,3.8,54,8,240.3
S00069,J0069,Bristol,4,0.79,4.22,82,6,240.9
S00067,J0067,Nottingham,4,0.71,2.2,22,8,241.9
S00373,J0373,Birmingham,4,0.71,2.71,29,10,243.05
S00022,J0022,Glasgow,4,0.56,4.16,121,7,243.45
S00561,J0561,Newcastle,4,0.92,3.93,158,7,246.1
S00792,J0792,Birmingham,4,0.57,2.65,16,9,250.2
S00920,J0920,Birmingham,4,0.94,4.11,234,5,250.3
S00493,J0493,Sheffield,4,0.84,2.48,166,5,254.7
S00549,J0549,Liverpool,4,0.54,3.29,90,8,256.5
S00432,J0432,Glasgow,4,0.8,2.64,21,8,257.45
S00002,J0002,Nottingham,4,0.98,3.5,175,9,258.75
S00659,J0659,Liverpool,4,0.55,1.8,149,8,259.05
S00210,J0210,Birmingham,4,0.94,2.18,152,6,260.4
S00524,J0524,Sheffield,4,0.51,4.88,218,8,266.1
S00028,J0028,Sheffield,4,0.5,1.6,94,7,266.3
S00471,J0471,Leeds,4,0.94,4.23,103,5,266.35
S00791,J0791,Newcastle,4,0.95,3.0,157,6,268.65
S00310,J0310,Birmingham,4,0.89,4.83,162,9,270.9
S00044,J0044,Glasgow,4,0.63,2.63,67,9,273.15
S00263,J0263,Birmingham,4,0.87,4.39,141,5,273.45
S00934,J0934,Sheffield,4,0.97,3.67,120,10,274.0
S00450,J0450,Liverpool,4,0.99,1.22,26,6,275.7
S00248,J0248,Leeds,4,0.94,1.07,272,4,278.4
S00631,J0631,Liverpool,4,0.94,2.63,266,7,280.7
S00125,J0125,Leeds,4,1.0,1.49,24,11,285.8
S00413,J0413,London,4,0.6,2.13,49,6,286.05
S00265,J0265,Leeds,4,0.6,4.59,219,7,287.55
S00842,J0842,Sheffield,4,0.76,1.3,218,5,288.1
S00494,J0494,Liverpool,4,0.58,4.73,167,8,291.15
S00634,J0634,Glasgow,4,0.84,2.01,190,10,295.5
S00222,J0222,Bristol,4,0.76,1.23,46,11,295.7
S00687,J0687,Newcastle,4,0.96,3.34,124,8,295.8
S00991,J0991,Newcastle,4,0.99,4.22,220,6,297.0
S00233,J0233,London,4,0.75,2.97,105,7,299.25
S00140,J0140,Glasgow,4,0.99,4.1,228,9,300.6
S00025,J0025,London,4,0.94,2.1,67,11,305.15
S00651,J0651,Manchester,4,0.86,3.89,297,6,307.65
S00893,J0893,Liverpool,4,0.51,2.26,245,7,313.25
S00532,J0532,Liverpool,4,0.85,3.02,278,7,314.1
S00715,J0715,Glasgow,4,0.52,3.62,289,5,315.05
S00970,J0970,Glasgow,4,0.74,3.48,118,6,317.1
S00897,J0897,Nottingham,4,0.61,4.63,72,8,320.4
S00856,J0856,Nottingham,4,0.67,3.63,297,5,323.65
S00351,J0351,Newcastle,4,0.86,4.03,182,11,323.9
S00709,J0709,Leeds,4,0.51,1.22,185,11,325.25
S00016,J0016,Manchester,4,0.56,4.86,186,7,328.7
S00209,J0209,Birmingham,4,0.87,3.43,243,5,329.35
S00326,J0326,London,4,0.69,4.37,203,8,331.35
S00049,J0049,Nottingham,4,0.61,1.8,88,7,333.6
S00081,J0081,Bristol,4,0.82,3.96,270,6,337.5
S00293,J0293,Birmingham,4,0.79,4.24,145,7,338.25
S00823,J0823,Newcastle,4,0.8,2.33,81,8,340.45
S00312,J0312,Bristol,4,0.53,1.97,297,10,343.65
S00199,J0199,Newcastle,4,0.81,4.07,231,10,343.95
S00015,J0015,Liverpool,4,0.83,1.91,114,8,347.3
S00167,J0167,Leeds,4,0.96,2.74,169,8,348.05
S00885,J0885,Liverpool,4,0.86,4.56,262,8,349.9
S00406,J0406,Birmingham,4,0.7,2.13,174,8,358.3
S00138,J0138,Newcastle,4,0.89,3.08,219,8,362.55
S00093,J0093,Glasgow,4,0.98,2.63,233,7,363.85
S00368,J0368,Liverpool,4,0.9,1.89,199,11,364.55
S00976,J0976,Leeds,4,0.59,4.96,194,10,367.3
S00666,J0666,Liverpool,4,0.71,1.99,291,10,370.95
S00099,J0099,Nottingham,4,0.54,1.29,295,10,372.75
S00966,J0966,Newcastle,4,0.55,3.49,230,9,373.5
S00272,J0272,Nottingham,4,0.69,1.91,156,7,378.2
S00900,J0900,Birmingham,4,0.71,1.31,46,11,383.7
S00287,J0287,Liverpool,4,0.6,1.78,231,7,383.95
S00700,J0700,Sheffield,4,0.61,3.6,39,9,386.55
S00307,J0307,Liverpool,4,0.52,3.52,181,9,387.45
S00657,J0657,Newcastle,4,0.9,3.86,134,9,393.3
S00385,J0385,Glasgow,4,0.99,2.57,118,9,395.1
S00412,J0412,Liverpool,4,0.72,4.04,239,9,395.55
S00311,J0311,Manchester,4,0.5,3.12,150,11,397.5
S00554,J0554,Newcastle,4,0.94,1.21,246,9,398.7
S00670,J0670,Birmingham,4,0.8,3.43,274,9,402.3
S00868,J0868,Leeds,4,0.64,3.33,73,10,402.85
S00956,J0956,Leeds,4,0.94,1.52,252,10,403.4
S00195,J0195,Nottingham,4,0.67,1.84,117,11,404.65
S00789,J0789,Manchester,4,0.93,3.81,225,9,407.25
S00490,J0490,London,4,0.55,1.41,261,10,407.45
S00152,J0152,Newcastle,4,0.56,2.1,239,7,408.55
S00711,J0711,Newcastle,4,0.76,4.71,220,10,409.0
S00179,J0179,Newcastle,4,0.99,3.85,241,11,416.45
S00175,J0175,London,4,0.63,3.53,223,8,420.35
S00572,J0572,Leeds,4,0.76,3.57,266,7,420.7
S00047,J0047,Leeds,4,0.81,3.29,160,9,423.0
S00411,J0411,Bristol,4,0.55,3.07,137,11,424.65
S00073,J0073,Liverpool,4,0.66,1.04,118,11,427.1
S00181,J0181,Liverpool,4,0.78,4.86,194,11,428.3
S00283,J0283,Birmingham,4,1.0,4.85,214,9,429.3
S00379,J0379,Birmingham,4,0.73,2.59,180,9,432.0
S00187,J0187,Glasgow,4,0.77,4.13,185,10,433.25
S00528,J0528,Glasgow,4,0.56,4.27,209,11,435.05
S00301,J0301,Nottingham,4,0.73,2.88,189,9,436.05
S00020,J0020,Liverpool,4,0.54,4.48,141,11,437.45
S00658,J0658,London,4,0.83,1.37,235,9,438.75
S00919,J0919,Liverpool,4,0.58,4.26,268,8,440.6
S00766,J0766,Bristol,4,0.68,1.65,106,11,443.7
S00810,J0810,Birmingham,4,0.65,1.28,294,9,447.3
S00898,J0898,Newcastle,4,0.52,3.03,222,10,449.9
S00076,J0076,Bristol,4,0.6,4.31,136,10,451.2
S00907,J0907,Manchester,4,0.78,3.77,168,9,453.6
S00226,J0226,Birmingham,4,0.51,4.34,135,9,456.75
S00945,J0945,Sheffield,4,0.69,1.27,149,10,457.05
S00496,J0496,Sheffield,4,1.0,3.79,284,11,457.8
S00773,J0773,Nottingham,4,0.92,1.42,147,9,462.15
S00624,J0624,London,4,0.7,4.78,181,11,466.45
S00484,J0484,Nottingham,4,0.87,1.17,240,9,477.0
S00453,J0453,London,4,0.84,2.22,274,9,483.3
S00341,J0341,Bristol,4,0.77,1.29,265,9,488.25
S00057,J0057,Newcastle,4,0.7,2.79,228,9,489.6
S00128,J0128,Sheffield,4,0.89,2.8,260,9,495.0
S00539,J0539,London,4,0.82,1.53,106,11,498.7
S00553,J0553,London,4,0.53,3.7,206,10,502.7
S00064,J0064,Manchester,4,0.98,3.89,290,10,510.5
S00605,J0605,Bristol,4,0.95,2.19,215,11,514.75
S00839,J0839,Nottingham,4,0.96,4.87,145,11,516.25
S00568,J0568,Sheffield,4,0.63,2.33,147,11,517.15
S00042,J0042,Glasgow,4,0.54,4.46,181,11,532.45
S00694,J0694,London,4,0.93,2.82,297,11,551.65
S00978,J0978,Nottingham,4,0.71,2.77,200,11,574.0
S00109,J0109,Birmingham,4,0.94,2.61,267,11,582.15
S00259,J0259,Manchester,4,0.66,1.01,254,11,587.3
S00145,J0145,London,3,0.53,3.52,13,4,85.85
S00415,J0415,Liverpool,3,0.55,4.58,35,5,125.75
S00323,J0323,Glasgow,3,0.64,2.78,66,4,137.7
S00515,J0515,Glasgow,3,0.58,2.52,19,5,138.55
S00169,J0169,Manchester,3,0.75,2.51,80,4,140.0
S00322,J0322,Manchester,3,0.64,1.66,15,5,141.75
S00308,J0308,Sheffield,3,0.95,2.79,7,7,143.15
S00915,J0915,Liverpool,3,0.56,1.87,9,7,144.05
S00923,J0923,Bristol,3,0.64,1.35,71,4,147.95
S00783,J0783,Glasgow,3,0.65,3.47,114,4,155.3
S00250,J0250,Nottingham,3,0.86,4.23,63,4,156.35
S00281,J0281,Newcastle,3,0.59,4.97,19,4,156.55
S00811,J0811,Bristol,3,0.75,2.9,56,4,157.2
S00451,J0451,Birmingham,3,0.83,4.89,124,5,160.8
S00096,J0096,Bristol,3,0.83,1.44,101,4,161.45
S00536,J0536,Bristol,3,0.78,4.2,15,8,166.75
S00848,J0848,Nottingham,3,0.76,2.28,125,5,171.25
S00688,J0688,Birmingham,3,0.9,3.15,48,5,171.6
S00191,J0191,Sheffield,3,0.55,4.83,153,4,172.85
S00880,J0880,London,3,0.56,4.0,15,6,174.75
S00546,J0546,Glasgow,3,0.78,4.19,50,7,176.5
S00156,J0156,London,3,0.81,1.02,113,4,178.85
S00550,J0550,Newcastle,3,0.61,4.33,96,4,179.2
S00881,J0881,Newcastle,3,0.92,4.63,142,4,179.9
S00778,J0778,Newcastle,3,0.58,1.23,97,4,183.65
S00875,J0875,Glasgow,3,0.85,3.48,153,5,183.85
S00946,J0946,Birmingham,3,0.97,1.38,140,5,188.0
S00215,J0215,London,3,0.66,3.58,77,7,188.65
S00910,J0910,London,3,0.73,3.55,74,6,189.3
S00984,J0984,Leeds,3,0.9,4.72,243,4,189.35
S00111,J0111,Birmingham,3,0.94,1.93,155,4,189.75
S00838,J0838,Leeds,3,0.88,3.17,51,7,190.95
S00087,J0087,London,3,0.62,4.38,12,9,194.4
S00344,J0344,London,3,0.7,1.76,219,4,194.55
S00420,J0420,Leeds,3,0.82,2.91,86,4,194.7
S00478,J0478,Liverpool,3,0.95,3.18,134,4,196.3
S00497,J0497,Sheffield,3,0.54,3.86,16,8,199.2
S00402,J0402,Sheffield,3,0.78,1.16,173,5,202.85
S00556,J0556,London,3,0.67,2.15,229,4,203.05
S00491,J0491,Sheffield,3,0.66,3.06,62,4,203.9
S00680,J0680,Manchester,3,1.0,3.47,68,6,204.6
S00501,J0501,London,3,0.61,3.92,31,8,205.95
S00682,J0682,Sheffield,3,0.85,3.95,125,6,206.25
S00313,J0313,Glasgow,3,0.61,3.0,157,4,210.65
S00280,J0280,Newcastle,3,0.75,4.14,43,6,211.35
S00507,J0507,London,3,0.95,2.34,83,5,212.35
S00926,J0926,Manchester,3,0.59,2.73,134,5,215.3
S00861,J0861,Nottingham,3,0.91,2.94,104,5,216.8
S00983,J0983,Birmingham,3,0.82,4.71,16,10,217.2
S00972,J0972,Newcastle,3,0.82,3.5,70,6,217.5
S00615,J0615,Nottingham,3,0.77,3.83,217,4,217.65
S00386,J0386,Liverpool,3,0.9,4.02,44,9,217.8
S00288,J0288,London,3,0.78,1.56,174,4,218.3
S00309,J0309,London,3,0.95,1.54,146,5,220.7
S00588,J0588,Newcastle,3,0.89,2.61,192,6,224.4
S00590,J0590,Liverpool,3,0.84,3.82,16,5,227.2
S00755,J0755,Newcastle,3,0.8,1.64,173,6,233.85
S00782,J0782,Manchester,3,0.87,4.84,271,5,236.95
S00194,J0194,Newcastle,3,0.58,2.83,168,6,237.6
S00717,J0717,London,3,0.97,1.64,43,8,243.35
S00330,J0330,Newcastle,3,0.58,1.97,76,7,244.2
S00350,J0350,Sheffield,3,0.57,4.91,65,6,245.25
S00584,J0584,Liverpool,3,0.58,3.07,212,6,245.4
S00998,J0998,Manchester,3,0.83,2.49,167,4,247.15
S00236,J0236,Sheffield,3,0.82,3.38,61,5,247.45
S00869,J0869,Birmingham,3,0.84,4.13,179,7,248.55
S00377,J0377,Manchester,3,0.55,1.47,42,10,248.9
S00719,J0719,Leeds,3,0.76,1.28,188,4,252.6
S00421,J0421,London,3,0.6,2.99,262,5,252.9
S00405,J0405,Sheffield,3,0.64,4.47,185,5,253.25
S00271,J0271,Nottingham,3,0.62,1.26,163,5,253.35
S00161,J0161,Nottingham,3,0.55,2.44,150,6,253.5
S00563,J0563,Newcastle,3,0.71,1.27,198,5,254.1
S00836,J0836,Newcastle,3,0.61,4.51,176,5,254.2
S00355,J0355,Newcastle,3,0.97,1.99,7,7,255.15
S00808,J0808,Leeds,3,0.88,1.07,145,8,257.25
S00637,J0637,Liverpool,3,0.96,2.6,272,5,257.4
S00616,J0616,Glasgow,3,0.93,3.44,163,5,258.35
S00237,J0237,Bristol,3,0.89,1.04,16,9,259.2
S00208,J0208,Glasgow,3,0.91,3.71,40,9,261.0
S00817,J0817,Nottingham,3,0.68,3.89,140,9,261.0
S00967,J0967,Manchester,3,0.75,4.05,146,7,261.7
S00394,J0394,Glasgow,3,0.56,2.43,293,5,266.85
S00384,J0384,Sheffield,3,0.68,2.49,85,7,269.25
S00948,J0948,Newcastle,3,0.56,2.31,148,7,269.6
S00818,J0818,London,3,0.86,3.14,148,6,270.6
S00633,J0633,Manchester,3,0.51,3.33,247,5,271.15
S00592,J0592,Birmingham,3,0.62,2.39,16,8,271.2
S00224,J0224,Sheffield,3,0.92,3.06,43,6,271.35
S00601,J0601,Newcastle,3,0.95,3.41,123,7,272.35
S00595,J0595,Bristol,3,0.63,1.82,126,7,273.7
S00921,J0921,Glasgow,3,0.91,4.04,204,7,273.8
S00748,J0748,Birmingham,3,0.69,4.44,73,11,274.85
S00596,J0596,Manchester,3,0.64,2.93,151,5,277.95
S00954,J0954,Leeds,3,0.57,1.16,122,8,278.9
S00774,J0774,London,3,0.77,1.89,69,8,279.05
S00509,J0509,Bristol,3,0.9,4.43,178,10,280.1
S00487,J0487,Birmingham,3,0.63,2.19,88,11,281.6
S00277,J0277,Birmingham,3,0.65,1.23,297,4,281.65
S00974,J0974,Leeds,3,0.5,3.35,253,6,281.85
S00759,J0759,Glasgow,3,0.89,1.92,77,8,282.65
S00860,J0860,Manchester,3,0.97,3.65,23,7,283.35
S00652,J0652,Bristol,3,0.91,1.04,45,6,284.25
S00841,J0841,Bristol,3,0.94,3.59,281,5,286.45
S00936,J0936,Bristol,3,0.97,4.59,154,10,289.3
S00325,J0325,Glasgow,3,0.99,1.2,157,11,290.65
S00660,J0660,Liverpool,3,0.8,4.51,32,7,294.4
S00052,J0052,Leeds,3,0.59,2.76,122,8,294.9
S00154,J0154,Bristol,3,0.96,1.25,158,8,295.1
S00123,J0123,Sheffield,3,0.69,2.43,199,9,296.55
S00757,J0757,Liverpool,3,0.52,1.72,180,6,297.0
S00383,J0383,Glasgow,3,0.56,4.04,288,4,297.6
S00772,J0772,London,3,0.62,2.42,217,8,297.65
S00627,J0627,Birmingham,3,0.91,1.81,254,8,298.3
S00576,J0576,London,3,0.98,2.67,208,5,298.6
S00337,J0337,Bristol,3,0.89,3.28,245,7,299.25
S00939,J0939,Sheffield,3,0.78,4.6,212,5,300.4
S00816,J0816,Nottingham,3,0.96,1.04,295,7,300.75
S00251,J0251,Leeds,3,0.55,1.48,30,8,301.5
S00404,J0404,Newcastle,3,0.67,1.7,49,10,302.05
S00777,J0777,Nottingham,3,1.0,1.98,147,7,304.15
S00706,J0706,Manchester,3,0.94,1.09,210,7,304.5
S00431,J0431,Glasgow,3,0.75,3.03,237,9,304.65
S00418,J0418,Liverpool,3,0.64,2.68,162,8,304.9
S00949,J0949,Birmingham,3,0.52,3.99,34,10,305.3
S00171,J0171,London,3,1.0,1.36,121,7,306.45
S00710,J0710,Bristol,3,0.7,2.96,246,7,306.7
S00918,J0918,Liverpool,3,0.7,3.65,153,7,306.85
S00929,J0929,Sheffield,3,0.8,1.13,262,7,306.9
S00488,J0488,Leeds,3,0.52,3.86,266,7,308.7
S00610,J0610,Liverpool,3,0.81,2.07,206,7,309.7
S00560,J0560,Leeds,3,0.77,2.34,120,8,310.0
S00031,J0031,Birmingham,3,0.68,2.93,214,9,312.3
S00184,J0184,Birmingham,3,0.66,3.81,68,11,316.6
S00548,J0548,Liverpool,3,0.91,3.5,84,8,317.8
S00370,J0370,Leeds,3,0.81,4.39,174,10,318.3
S00964,J0964,London,3,0.82,1.06,276,5,319.2
S00443,J0443,Leeds,3,0.66,2.7,200,10,320.0
S00989,J0989,Glasgow,3,0.56,4.92,295,9,321.75
S00439,J0439,Nottingham,3,0.98,1.61,64,8,324.8
S00905,J0905,Nottingham,3,0.73,4.18,236,11,326.2
S00134,J0134,Manchester,3,0.71,3.86,206,10,332.7
S00203,J0203,Newcastle,3,0.79,1.85,156,6,334.2
S00987,J0987,Liverpool,3,0.7,1.85,170,6,334.5
S00732,J0732,Birmingham,3,0.58,2.42,294,6,336.3
S00253,J0253,Nottingham,3,0.85,1.07,292,9,338.4
S00045,J0045,Liverpool,3,0.59,4.31,154,10,339.3
S00994,J0994,Sheffield,3,0.73,1.21,71,10,341.95
S00520,J0520,Leeds,3,0.56,1.1,240,9,342.0
S00787,J0787,Birmingham,3,0.87,3.16,286,8,344.7
S00445,J0445,Manchester,3,0.74,1.51,223,7,345.35
S00034,J0034,Sheffield,3,0.6,2.5,255,11,345.75
S00408,J0408,Birmingham,3,0.69,3.33,159,9,350.55
S00257,J0257,Birmingham,3,0.8,2.39,286,7,352.7
S00581,J0581,Nottingham,3,0.73,2.73,255,7,352.75
S00392,J0392,London,3,0.88,2.0,44,9,352.8
S00960,J0960,Bristol,3,0.84,3.26,88,9,354.6
S00139,J0139,Leeds,3,0.61,1.57,132,7,360.4
S00333,J0333,Sheffield,3,0.81,4.81,247,7,363.15
S00814,J0814,Newcastle,3,0.72,3.75,243,8,365.35
S00864,J0864,Liverpool,3,0.85,4.09,206,7,365.7
S00090,J0090,Birmingham,3,0.81,2.95,58,11,367.1
S00935,J0935,London,3,0.54,2.29,268,8,368.6
S00095,J0095,Glasgow,3,0.55,2.4,55,8,368.75
S00362,J0362,Newcastle,3,0.84,1.05,102,9,369.9
S00075,J0075,Glasgow,3,0.81,3.71,170,9,373.5
S00160,J0160,Newcastle,3,0.8,1.41,79,9,377.55
S00809,J0809,Glasgow,3,0.75,4.17,279,6,377.55
S00523,J0523,Liverpool,3,0.74,3.81,170,9,382.5
S00521,J0521,Liverpool,3,0.71,4.36,232,7,384.4
S00212,J0212,Sheffield,3,0.6,3.61,248,11,386.6
S00649,J0649,London,3,0.93,2.03,18,10,388.1
S00011,J0011,Nottingham,3,0.91,2.58,218,9,395.1
S00725,J0725,Leeds,3,0.55,1.44,12,10,395.4
S00806,J0806,Leeds,3,0.76,3.03,275,8,395.75
S00079,J0079,Bristol,3,0.69,3.95,135,8,396.75
S00256,J0256,Bristol,3,0.8,3.07,203,9,397.35
S00653,J0653,Birmingham,3,0.52,3.36,115,10,401.75
S00089,J0089,Birmingham,3,0.91,1.35,259,11,402.55
S00018,J0018,Newcastle,3,0.75,3.89,59,9,404.55
S00942,J0942,Nottingham,3,0.95,4.38,125,10,406.25
S00201,J0201,London,3,0.58,4.29,59,10,406.55
S00189,J0189,Sheffield,3,0.55,1.19,286,8,408.7
S00928,J0928,Nottingham,3,0.86,2.04,176,11,409.2
S00149,J0149,Bristol,3,0.66,1.0,205,8,428.25
S00429,J0429,Manchester,3,0.95,1.28,159,10,431.55
S00622,J0622,London,3,0.72,1.42,156,11,433.2
S00127,J0127,Liverpool,3,0.97,3.01,297,7,434.65
S00141,J0141,Sheffield,3,0.83,2.09,213,11,436.85
S00477,J0477,Bristol,3,0.71,1.31,292,10,441.4
S00762,J0762,Glasgow,3,0.77,1.01,163,10,443.35
S00131,J0131,Sheffield,3,0.77,1.29,57,10,445.65
S00889,J0889,Nottingham,3,0.7,2.9,150,10,447.5
S00058,J0058,Newcastle,3,0.83,3.04,145,11,450.25
S00013,J0013,Birmingham,3,0.98,2.9,261,9,450.45
S00482,J0482,Liverpool,3,0.72,3.34,31,11,453.95
S00474,J0474,Manchester,3,0.56,2.57,289,9,454.05
S00938,J0938,London,3,0.56,2.3,291,9,454.95
S00056,J0056,Manchester,3,0.9,4.53,261,10,457.45
S00704,J0704,Manchester,3,0.88,2.17,165,11,459.25
S00050,J0050,Birmingham,3,0.62,1.44,181,11,466.45
S00807,J0807,Bristol,3,0.55,2.68,281,11,467.45
S00407,J0407,Glasgow,3,0.9,4.8,195,9,474.75
S00959,J0959,Newcastle,3,0.56,4.13,153,10,478.85
S00213,J0213,Leeds,3,0.94,3.95,205,9,479.25
S00716,J0716,Birmingham,3,0.88,2.04,189,11,481.05
S00724,J0724,London,3,0.8,3.74,238,11,481.1
S00114,J0114,London,3,0.72,4.72,116,10,482.2
S00933,J0933,London,3,0.67,1.16,290,11,482.5
S00558,J0558,Bristol,3,0.99,2.41,237,11,491.65
S00495,J0495,London,3,0.83,4.31,285,9,506.25
S00274,J0274,Birmingham,3,0.9,2.94,192,10,506.4
S00502,J0502,London,3,0.68,4.45,76,11,507.2
S00398,J0398,Bristol,3,0.97,4.67,172,10,507.4
S00803,J0803,Glasgow,3,0.52,2.57,296,11,518.2
S00968,J0968,Glasgow,3,0.69,1.16,296,11,518.2
S00578,J0578,Bristol,3,0.85,1.41,182,11,543.9
S00582,J0582,London,2,0.57,4.92,11,4,100.95
S00833,J0833,Newcastle,2,0.63,4.61,40,5,133.0
S00580,J0580,Bristol,2,0.96,2.11,115,4,135.75
S00545,J0545,Manchester,2,0.52,3.69,80,4,136.0
S00997,J0997,Nottingham,2,0.52,3.71,77,4,138.65
S00255,J0255,Birmingham,2,0.74,4.09,20,7,149.0
S00332,J0332,Glasgow,2,0.52,1.79,67,4,150.15
S00121,J0121,Glasgow,2,0.52,4.92,15,6,150.75
S00319,J0319,Manchester,2,0.64,3.19,65,4,161.25
S00819,J0819,Birmingham,2,0.95,4.34,110,5,164.5
S00648,J0648,Newcastle,2,0.86,2.74,91,4,164.95
S00559,J0559,Leeds,2,0.81,3.49,81,4,168.45
S00331,J0331,Sheffield,2,0.93,4.84,152,4,172.4
S00441,J0441,Manchester,2,0.56,3.16,41,5,173.45
S00671,J0671,London,2,0.75,3.69,84,6,175.8
S00786,J0786,Sheffield,2,0.73,2.72,89,4,176.05
S00913,J0913,Nottingham,2,0.64,1.76,53,5,178.85
S00000,J0000,Sheffield,2,0.58,1.56,115,5,181.75
S00062,J0062,Manchester,2,0.59,2.91,162,4,184.9
S00804,J0804,Bristol,2,0.98,4.58,207,4,185.15
S00612,J0612,Glasgow,2,0.72,4.86,39,4,189.55
S00746,J0746,Glasgow,2,0.57,3.01,146,6,191.7
S00186,J0186,Liverpool,2,0.63,1.42,197,5,198.65
S00593,J0593,Birmingham,2,0.89,2.59,29,6,205.05
S00334,J0334,Glasgow,2,0.78,4.98,111,8,209.95
S00422,J0422,Liverpool,2,0.95,1.82,210,4,210.5
S00183,J0183,London,2,0.53,4.8,50,5,212.5
S00877,J0877,Liverpool,2,0.55,1.68,297,4,217.65
S00082,J0082,Nottingham,2,0.75,1.57,166,4,218.7
S00953,J0953,Glasgow,2,0.84,1.97,108,4,220.6
S00463,J0463,Nottingham,2,0.56,2.69,37,6,220.65
S00503,J0503,Leeds,2,0.53,2.1,64,6,220.8
S00645,J0645,Liverpool,2,0.65,1.37,12,8,221.4
S00230,J0230,Leeds,2,0.88,1.08,106,6,221.7
S00749,J0749,Liverpool,2,0.69,3.71,94,6,222.3
S00857,J0857,Newcastle,2,0.82,3.84,72,5,222.4
S00872,J0872,Leeds,2,0.77,3.07,230,4,223.5
S00891,J0891,Leeds,2,0.58,2.08,129,8,226.05
S00464,J0464,Glasgow,2,0.88,2.21,138,5,227.1
S00231,J0231,London,2,0.92,1.5,16,10,227.2
S00815,J0815,Manchester,2,0.8,2.01,160,4,228.0
S00597,J0597,Bristol,2,0.74,2.07,59,6,230.55
S00260,J0260,Manchester,2,0.82,2.2,274,4,231.3
S00943,J0943,Nottingham,2,0.97,2.0,59,10,236.55
S00163,J0163,Leeds,2,0.78,4.37,46,6,236.7
S00585,J0585,Newcastle,2,0.59,1.72,26,9,236.7
S00969,J0969,Liverpool,2,0.93,4.35,155,8,237.75
S00461,J0461,London,2,0.65,3.97,11,6,238.95
S00779,J0779,Glasgow,2,0.91,2.56,228,5,247.6
S00007,J0007,Sheffield,2,0.66,3.49,96,5,248.2
S00986,J0986,Glasgow,2,0.52,3.11,46,10,250.7
S00698,J0698,Manchester,2,0.93,2.71,5,10,252.25
S00824,J0824,Leeds,2,0.9,4.17,136,6,253.2
S00895,J0895,London,2,0.92,1.86,192,8,254.4
S00084,J0084,Nottingham,2,0.57,4.08,59,6,254.55
S00113,J0113,Birmingham,2,0.99,4.21,151,7,256.95
S00714,J0714,Sheffield,2,0.82,2.64,221,8,259.45
S00029,J0029,Leeds,2,0.51,2.85,79,7,259.55
S00707,J0707,Birmingham,2,0.51,2.2,16,8,263.2
S00218,J0218,Manchester,2,0.81,1.8,133,5,264.85
S00618,J0618,Liverpool,2,0.92,2.08,297,6,265.65
S00276,J0276,London,2,0.87,2.9,135,5,265.75
S00873,J0873,London,2,0.82,1.56,165,8,266.25
S00010,J0010,Leeds,2,0.95,1.81,33,7,266.85
S00004,J0004,Sheffield,2,0.97,2.61,297,5,268.65
S00289,J0289,London,2,0.99,3.49,38,6,269.1
S00798,J0798,Sheffield,2,0.87,1.47,25,6,269.25
S00480,J0480,Leeds,2,0.6,1.67,88,10,269.6
S00628,J0628,Newcastle,2,0.64,3.35,121,8,270.45
S00701,J0701,Newcastle,2,0.69,4.75,202,9,270.9
S00419,J0419,Sheffield,2,0.66,4.12,43,9,271.35
S00104,J0104,Nottingham,2,0.91,3.0,124,8,271.8
S00106,J0106,Birmingham,2,0.69,3.83,186,7,272.7
S00456,J0456,Manchester,2,0.91,1.01,289,4,274.05
S00455,J0455,Glasgow,2,0.51,1.92,179,5,275.55
S00264,J0264,Bristol,2,0.99,1.09,180,6,279.0
S00166,J0166,Glasgow,2,0.64,4.57,21,8,281.45
S00266,J0266,London,2,0.91,4.13,86,9,281.7
S00414,J0414,Leeds,2,0.59,2.41,253,8,281.85
S00235,J0235,Liverpool,2,0.69,3.12,21,7,282.45
S00876,J0876,Newcastle,2,0.5,3.97,154,7,286.3
S00338,J0338,Nottingham,2,0.54,2.04,263,4,286.35
S00150,J0150,Birmingham,2,0.56,3.04,250,6,286.5
S00788,J0788,Sheffield,2,0.57,3.79,121,9,288.45
S00216,J0216,Nottingham,2,0.87,2.58,205,9,290.25
S00865,J0865,Newcastle,2,0.55,3.19,150,8,291.5
S00685,J0685,Manchester,2,0.54,2.48,208,9,291.6
S00164,J0164,London,2,0.69,2.25,45,8,292.25
S00318,J0318,Nottingham,2,0.51,2.84,297,5,293.65
S00516,J0516,Liverpool,2,0.69,1.65,157,7,294.65
S00673,J0673,Bristol,2,0.56,4.81,270,7,296.5
S00961,J0961,London,2,0.97,2.25,235,6,297.75
S00389,J0389,Sheffield,2,0.94,3.31,190,5,300.5
S00133,J0133,Newcastle,2,0.53,1.97,85,8,302.25
S00486,J0486,London,2,0.92,3.41,25,7,305.25
S00500,J0500,Bristol,2,0.93,3.78,212,5,305.4
S00830,J0830,Bristol,2,0.65,1.3,163,6,307.35
S00797,J0797,Glasgow,2,0.52,3.42,47,8,309.15
S00033,J0033,Birmingham,2,0.78,3.35,132,10,309.4
S00483,J0483,Bristol,2,0.79,4.81,199,10,309.55
S00947,J0947,Newcastle,2,0.84,5.0,7,7,311.15
S00726,J0726,Nottingham,2,0.92,2.16,133,6,311.85
S00485,J0485,Birmingham,2,0.9,2.06,96,10,313.2
S00041,J0041,Manchester,2,0.59,3.31,165,8,314.25
S00241,J0241,Birmingham,2,0.5,3.71,153,6,314.85
S00661,J0661,Newcastle,2,0.77,3.95,70,11,317.5
S00361,J0361,Glasgow,2,0.54,3.0,72,11,318.4
S00511,J0511,Bristol,2,0.95,3.91,203,6,319.35
S00225,J0225,Glasgow,2,0.92,2.07,295,7,321.75
S00566,J0566,Glasgow,2,0.79,2.73,178,9,323.1
S00381,J0381,Nottingham,2,0.65,4.97,41,11,326.45
S00665,J0665,Liverpool,2,0.87,2.08,168,6,327.6
S00063,J0063,Glasgow,2,0.69,3.75,289,9,328.05
S00614,J0614,Glasgow,2,0.8,3.7,211,9,328.95
S00036,J0036,Bristol,2,0.74,1.81,186,6,329.7
S00855,J0855,London,2,0.52,3.89,158,10,331.1
S00977,J0977,Nottingham,2,0.78,4.03,158,9,332.1
S00178,J0178,Manchester,2,0.61,1.67,272,6,332.4
S00142,J0142,Bristol,2,0.51,2.99,119,8,333.55
S00705,J0705,Manchester,2,0.55,2.78,183,6,334.35
S00962,J0962,Liverpool,2,0.63,3.62,292,5,336.4
S00115,J0115,Liverpool,2,0.52,2.62,40,11,337.0
S00202,J0202,Bristol,2,0.55,4.4,115,9,339.75
S00021,J0021,London,2,0.89,1.52,206,8,340.7
S00074,J0074,Nottingham,2,0.92,4.99,226,6,341.7
S00120,J0120,Glasgow,2,0.55,3.56,201,11,343.45
S00158,J0158,Glasgow,2,0.52,3.96,219,7,343.55
S00914,J0914,Bristol,2,0.78,3.78,134,8,348.3
S00925,J0925,Bristol,2,0.55,2.47,263,10,348.35
S00103,J0103,Sheffield,2,0.89,1.31,292,5,351.4
S00086,J0086,Birmingham,2,0.93,4.06,182,9,351.9
S00542,J0542,Nottingham,2,0.56,2.24,183,8,354.35
S00908,J0908,Birmingham,2,0.82,2.06,77,8,354.65
S00587,J0587,Liverpool,2,0.72,1.45,131,8,354.95
S00626,J0626,Leeds,2,0.64,4.53,109,9,355.05
S00188,J0188,Newcastle,2,0.86,3.58,296,6,355.2
S00354,J0354,Glasgow,2,0.65,3.87,220,6,357.0
S00198,J0198,Manchester,2,0.87,1.21,236,7,358.2
S00731,J0731,Manchester,2,0.55,2.43,179,8,360.55
S00547,J0547,Manchester,2,0.64,2.0,164,9,361.8
S00284,J0284,Newcastle,2,0.87,1.3,165,9,362.25
S00538,J0538,Glasgow,2,0.77,2.59,293,8,363.85
S00357,J0357,Glasgow,2,0.59,3.67,231,7,369.95
S00829,J0829,Liverpool,2,0.82,2.87,43,9,370.35
S00586,J0586,Glasgow,2,0.97,4.88,7,10,373.15
S00763,J0763,Bristol,2,0.58,3.87,102,8,373.9
S00070,J0070,Nottingham,2,0.84,2.12,179,7,374.55
S00244,J0244,Newcastle,2,0.58,4.09,202,9,378.9
S00727,J0727,Liverpool,2,0.77,2.24,268,6,384.6
S00625,J0625,Liverpool,2,0.52,3.95,100,10,385.0
S00708,J0708,Manchester,2,0.69,3.01,280,9,387.0
S00409,J0409,Liverpool,2,0.73,2.75,192,7,387.4
S00525,J0525,Bristol,2,0.71,2.75,121,8,390.45
S00470,J0470,Sheffield,2,0.91,4.61,8,9,390.6
S00148,J0148,Leeds,2,0.95,2.27,285,6,392.25
S00846,J0846,Liverpool,2,0.67,4.99,275,9,393.75
S00742,J0742,Bristol,2,0.7,4.51,293,8,395.85
S00387,J0387,Glasgow,2,0.75,4.67,228,9,399.6
S00173,J0173,London,2,0.66,2.98,291,10,400.95
S00068,J0068,Sheffield,2,0.9,2.43,261,8,405.45
S00151,J0151,Sheffield,2,0.74,1.19,282,7,406.9
S00674,J0674,London,2,0.58,4.35,261,10,407.45
S00286,J0286,Manchester,2,0.98,1.9,112,9,410.4
S00228,J0228,Glasgow,2,0.88,2.52,112,11,413.4
S00479,J0479,Bristol,2,0.87,3.84,179,8,416.55
S00730,J0730,Liverpool,2,0.78,3.14,90,9,427.5
S00735,J0735,Sheffield,2,0.99,2.23,222,10,429.9
S00567,J0567,Birmingham,2,0.83,3.74,126,11,430.7
S00080,J0080,Sheffield,2,0.63,4.34,292,10,441.4
S00852,J0852,Leeds,2,1.0,1.27,156,11,444.2
S00577,J0577,Birmingham,2,0.51,4.0,268,9,444.6
S00498,J0498,Bristol,2,0.54,2.85,278,10,445.1
S00609,J0609,Nottingham,2,0.74,3.59,135,11,445.75
S00117,J0117,Sheffield,2,0.87,2.29,192,10,446.4
S00988,J0988,Leeds,2,0.97,4.98,86,10,448.7
S00980,J0980,Leeds,2,0.69,2.56,147,11,451.15
S00620,J0620,Leeds,2,0.64,4.46,224,11,452.8
S00446,J0446,Birmingham,2,0.56,4.06,196,9,466.2
S00378,J0378,Glasgow,2,0.93,2.16,255,11,466.75
S00544,J0544,Bristol,2,0.63,4.49,45,11,471.25
S00867,J0867,Newcastle,2,0.86,4.07,246,10,480.7
S00638,J0638,Sheffield,2,0.58,4.36,135,10,490.75
S00304,J0304,Birmingham,2,0.97,1.25,243,10,499.35
S00518,J0518,Birmingham,2,0.61,3.94,210,10,504.5
S00850,J0850,Manchester,2,1.0,2.4,174,11,507.3
S00871,J0871,London,2,0.65,4.21,112,11,512.4
S00459,J0459,Birmingham,2,0.99,1.9,255,10,514.75
S00023,J0023,Newcastle,2,0.8,1.5,158,11,522.1
S00712,J0712,London,2,0.76,1.42,255,10,534.75
S00887,J0887,Glasgow,2,0.61,3.53,267,10,560.15
S00469,J0469,Bristol,2,0.63,2.48,289,11,570.05
S00679,J0679,Nottingham,1,0.91,1.8,5,4,98.25
S00348,J0348,Manchester,1,0.75,4.84,24,4,118.8
S00573,J0573,Nottingham,1,0.52,3.69,77,4,122.65
S00448,J0448,London,1,0.66,2.67,16,6,127.2
S00785,J0785,Birmingham,1,0.9,2.66,7,6,129.15
S00562,J0562,Birmingham,1,0.64,2.62,107,4,136.15
S00217,J0217,Sheffield,1,0.91,3.85,21,4,137.45
S00738,J0738,Leeds,1,0.55,2.31,30,4,145.5
S00340,J0340,Sheffield,1,0.87,3.37,9,6,154.05
S00743,J0743,Birmingham,1,0.66,1.41,5,7,156.25
S00662,J0662,Birmingham,1,0.95,1.05,167,4,159.15
S00640,J0640,London,1,0.86,3.69,22,5,159.9
S00137,J0137,Liverpool,1,0.95,3.21,63,5,163.35
S00492,J0492,Nottingham,1,0.5,3.04,19,4,164.55
S00436,J0436,Nottingham,1,0.91,3.77,78,4,171.1
S00944,J0944,Birmingham,1,0.71,3.31,16,4,171.2
S00400,J0400,Liverpool,1,0.88,3.02,63,4,176.35
S00376,J0376,Leeds,1,0.61,3.65,128,4,177.6
S00467,J0467,Manchester,1,0.83,4.27,30,5,178.5
S00078,J0078,London,1,0.52,1.06,59,4,186.55
S00472,J0472,Glasgow,1,0.76,4.94,43,7,187.35
S00130,J0130,Leeds,1,0.71,3.5,230,4,187.5
S00505,J0505,Newcastle,1,0.7,1.78,97,6,187.65
S00899,J0899,Sheffield,1,0.61,1.75,106,4,187.7
S00462,J0462,Glasgow,1,0.96,4.39,33,7,189.85
S00504,J0504,Bristol,1,0.88,4.23,149,5,192.05
S00686,J0686,Newcastle,1,0.7,4.68,169,4,192.05
S00343,J0343,Leeds,1,0.94,4.92,51,7,197.95
S00051,J0051,London,1,0.61,4.42,152,4,200.4
S00909,J0909,Birmingham,1,0.76,4.76,140,6,201.0
S00570,J0570,Manchester,1,0.74,2.5,127,4,201.15
S00574,J0574,Bristol,1,0.93,3.53,227,4,202.15
S00723,J0723,Glasgow,1,0.9,4.26,130,6,202.5
S00514,J0514,Birmingham,1,0.5,2.99,50,6,208.5
S00820,J0820,Glasgow,1,0.73,4.29,162,4,208.9
S00955,J0955,London,1,0.63,2.64,9,5,209.05
S00690,J0690,London,1,0.73,2.47,211,5,209.95
S00388,J0388,Liverpool,1,0.67,4.8,119,6,215.55
S00602,J0602,Newcastle,1,0.5,1.31,187,6,216.15
S00359,J0359,London,1,0.86,3.26,124,6,217.8
S00395,J0395,London,1,0.83,3.63,266,5,219.7
S00883,J0883,Nottingham,1,0.74,3.39,81,8,220.45
S00995,J0995,Glasgow,1,0.79,2.82,11,9,220.95
S00363,J0363,Newcastle,1,0.77,1.04,271,4,221.95
S00242,J0242,Leeds,1,0.59,2.25,85,8,222.25
S00475,J0475,Nottingham,1,0.54,3.36,161,5,222.45
S00752,J0752,Glasgow,1,1.0,3.99,67,5,230.15
S00667,J0667,Liverpool,1,0.82,1.25,14,9,231.3
S00481,J0481,Glasgow,1,0.81,4.12,26,6,233.7
S00371,J0371,Newcastle,1,0.61,3.92,13,6,233.85
S00205,J0205,Leeds,1,0.72,2.89,73,5,237.85
S00965,J0965,Leeds,1,1.0,4.06,42,6,240.9
S00996,J0996,Glasgow,1,0.54,3.7,18,6,242.1
S00083,J0083,London,1,0.63,4.01,91,7,243.95
S00775,J0775,Birmingham,1,0.58,3.08,80,7,246.0
S00270,J0270,Leeds,1,0.87,2.21,18,10,248.1
S00750,J0750,Liverpool,1,0.74,4.35,224,5,250.8
S00347,J0347,Sheffield,1,0.81,4.77,103,5,251.35
S00102,J0102,Sheffield,1,0.63,2.2,82,9,252.9
S00672,J0672,Liverpool,1,0.57,1.32,97,5,253.65
S00372,J0372,Leeds,1,0.92,1.38,44,6,253.8
S00329,J0329,Bristol,1,0.63,4.42,63,6,256.35
S00780,J0780,Sheffield,1,0.6,1.94,295,4,256.75
S00543,J0543,Glasgow,1,0.53,2.16,92,6,257.4
S00273,J0273,Sheffield,1,0.53,1.99,112,6,260.4
S00101,J0101,London,1,0.97,3.09,92,10,261.4
S00636,J0636,Manchester,1,0.73,4.83,129,5,263.05
S00656,J0656,Sheffield,1,0.83,1.97,88,9,264.6
S00035,J0035,Liverpool,1,0.61,2.14,183,8,266.35
S00862,J0862,Glasgow,1,0.9,1.02,64,7,266.8
S00526,J0526,Sheffield,1,0.51,1.94,76,6,268.2
S00843,J0843,Birmingham,1,0.82,2.5,224,4,268.8
S00360,J0360,Leeds,1,0.71,4.09,93,6,269.85
S00207,J0207,Birmingham,1,0.78,1.86,254,6,270.3
S00608,J0608,Newcastle,1,0.73,3.49,63,11,270.35
S00112,J0112,Liverpool,1,0.55,2.12,89,7,271.05
S00356,J0356,Glasgow,1,0.98,3.56,164,5,273.8
S00564,J0564,Sheffield,1,0.63,4.14,170,6,274.5
S00077,J0077,Bristol,1,0.53,2.18,268,6,276.6
S00204,J0204,Birmingham,1,0.94,3.63,250,5,277.5
S00040,J0040,Bristol,1,0.72,2.97,202,7,279.9
S00297,J0297,Newcastle,1,0.53,2.04,43,9,280.35
S00728,J0728,Manchester,1,0.92,2.0,161,10,282.45
S00192,J0192,Nottingham,1,0.98,3.0,271,7,282.95
S00835,J0835,Newcastle,1,0.99,1.27,267,4,284.15
S00795,J0795,Sheffield,1,0.68,3.13,232,6,284.4
S00533,J0533,Birmingham,1,0.92,3.87,99,10,284.55
S00506,J0506,Birmingham,1,0.88,2.38,12,10,285.4
S00771,J0771,Leeds,1,0.84,1.97,93,7,286.85
S00901,J0901,London,1,0.88,3.78,292,6,287.4
S00689,J0689,Manchester,1,0.61,2.08,160,6,288.0
S00024,J0024,Bristol,1,0.97,4.18,295,4,288.75
S00053,J0053,Manchester,1,0.83,4.39,67,10,290.15
S00105,J0105,Liverpool,1,0.75,4.18,169,8,292.05
S00279,J0279,Sheffield,1,0.82,4.77,187,8,292.15
S00982,J0982,Birmingham,1,0.87,3.39,248,7,293.6
S00683,J0683,Glasgow,1,0.77,3.09,111,7,294.95
S00200,J0200,Newcastle,1,0.55,2.67,102,10,295.9
S00433,J0433,Birmingham,1,0.52,4.24,227,7,298.15
S00754,J0754,Liverpool,1,0.54,3.44,165,7,298.25
S00229,J0229,Bristol,1,0.84,2.35,176,10,299.2
S00336,J0336,Manchester,1,0.66,4.92,222,5,299.9
S00993,J0993,Nottingham,1,0.84,3.37,138,7,300.1
S00382,J0382,Birmingham,1,0.89,1.18,180,10,311.0
S00147,J0147,Bristol,1,0.74,3.99,241,7,311.45
S00767,J0767,Newcastle,1,0.91,1.33,23,8,314.35
S00534,J0534,Sheffield,1,0.99,4.45,170,7,314.5
S00703,J0703,Newcastle,1,0.79,4.3,63,7,315.35
S00747,J0747,Birmingham,1,0.92,1.78,57,10,315.65
S00529,J0529,Glasgow,1,0.85,3.19,213,11,315.85
S00517,J0517,Liverpool,1,0.69,4.14,226,8,317.7
S00426,J0426,Newcastle,1,0.58,4.42,228,9,318.6
S00014,J0014,Newcastle,1,0.91,3.17,105,7,320.25
S00675,J0675,Birmingham,1,0.59,4.22,137,7,320.65
S00458,J0458,Manchester,1,0.69,4.87,168,6,321.6
S00170,J0170,Birmingham,1,0.51,4.86,91,9,328.95
S00039,J0039,Leeds,1,0.65,3.05,184,8,330.8
S00352,J0352,Birmingham,1,0.6,1.65,66,8,333.7
S00349,J0349,Manchester,1,0.99,3.09,245,8,334.25
S00847,J0847,Leeds,1,0.87,3.24,14,8,334.3
S00768,J0768,Nottingham,1,0.85,1.08,86,8,334.7
S00397,J0397,Newcastle,1,0.63,1.77,151,10,337.95
S00644,J0644,London,1,0.84,2.73,286,10,338.7
S00916,J0916,Birmingham,1,0.96,3.38,31,11,343.95
S00110,J0110,London,1,0.73,2.18,165,10,344.25
S00594,J0594,Leeds,1,0.99,2.06,247,9,345.15
S00734,J0734,Sheffield,1,0.61,4.16,123,10,345.35
S00396,J0396,Manchester,1,0.58,1.96,220,8,347.0
S00129,J0129,Sheffield,1,0.68,3.34,226,6,347.7
S00979,J0979,Liverpool,1,0.86,3.83,266,11,350.7
S00243,J0243,Nottingham,1,0.51,4.1,219,8,354.55
S00321,J0321,Sheffield,1,0.52,1.18,299,5,354.55
S00227,J0227,Sheffield,1,0.87,1.06,233,10,354.85
S00097,J0097,Sheffield,1,0.97,4.23,96,8,355.2
S00713,J0713,Nottingham,1,0.58,4.06,130,9,355.5
S00159,J0159,Nottingham,1,0.56,2.27,297,6,355.65
S00298,J0298,Birmingham,1,0.93,2.38,33,11,355.85
S00291,J0291,Birmingham,1,0.85,3.31,251,9,355.95
S00027,J0027,Birmingham,1,0.93,4.78,29,8,357.05
S00365,J0365,London,1,0.61,4.7,127,7,358.15
S00300,J0300,Liverpool,1,0.69,2.16,240,6,360.0
S00826,J0826,Manchester,1,1.0,1.73,267,6,360.15
S00537,J0537,Glasgow,1,0.81,3.21,221,6,363.45
S00879,J0879,Birmingham,1,0.84,4.56,164,10,363.8
S00676,J0676,Leeds,1,0.82,4.29,280,7,364.0
S00043,J0043,Bristol,1,0.89,4.92,289,6,364.05
S00168,J0168,Sheffield,1,0.84,4.64,157,7,364.65
S00457,J0457,Birmingham,1,0.6,3.92,208,7,366.6
S00019,J0019,Manchester,1,0.62,3.13,153,10,368.85
S00239,J0239,Birmingham,1,0.57,4.85,220,7,372.0
S00303,J0303,Liverpool,1,0.72,3.83,240,6,372.0
S00473,J0473,Liverpool,1,0.62,4.02,275,10,373.75
S00315,J0315,Glasgow,1,0.7,1.3,77,10,374.65
S00598,J0598,London,1,0.99,2.15,242,7,374.9
S00599,J0599,London,1,0.63,3.63,177,10,379.65
S00639,J0639,Nottingham,1,0.69,1.75,241,8,380.45
S00335,J0335,Birmingham,1,0.67,3.85,230,7,383.5
S00629,J0629,Manchester,1,0.91,3.8,232,8,384.4
S00060,J0060,Leeds,1,0.76,4.71,215,7,390.75
S00375,J0375,Nottingham,1,0.83,2.92,230,8,391.5
S00353,J0353,Bristol,1,0.67,2.91,149,11,397.05
S00238,J0238,Bristol,1,0.61,2.86,84,9,397.8
S00054,J0054,Nottingham,1,0.92,4.57,193,9,401.85
S00790,J0790,Glasgow,1,0.86,1.69,158,8,407.1
S00722,J0722,London,1,0.69,4.53,155,10,409.75
S00176,J0176,London,1,0.77,3.82,172,9,410.4
S00540,J0540,Newcastle,1,0.72,4.46,271,10,411.95
S00324,J0324,Manchester,1,0.89,1.84,230,10,413.5
S00870,J0870,Leeds,1,0.51,4.01,53,10,413.85
S00565,J0565,Glasgow,1,0.89,2.14,94,11,416.3
S00878,J0878,Leeds,1,0.93,1.78,147,11,418.15
S00756,J0756,London,1,0.58,3.69,93,9,419.85
S00246,J0246,London,1,0.69,4.9,29,11,420.05
S00339,J0339,Glasgow,1,0.62,2.75,266,7,420.7
S00442,J0442,London,1,0.87,2.13,282,7,420.9
S00098,J0098,Bristol,1,0.9,4.79,268,9,426.6
S00085,J0085,Nottingham,1,0.56,3.63,292,9,428.4
S00583,J0583,Newcastle,1,0.67,1.27,88,10,429.6
S00821,J0821,Bristol,1,0.72,4.37,150,11,430.5
S00214,J0214,Bristol,1,0.83,2.26,158,9,431.1
S00552,J0552,Nottingham,1,0.8,1.05,165,10,434.25
S00425,J0425,Glasgow,1,0.78,2.33,299,7,435.55
S00416,J0416,Glasgow,1,0.68,4.79,27,10,442.15
S00765,J0765,Bristol,1,0.92,3.06,136,11,446.2
S00530,J0530,Sheffield,1,0.99,4.87,76,10,454.2
S00557,J0557,Sheffield,1,0.67,2.23,293,9,455.85
S00696,J0696,Liverpool,1,0.54,1.99,286,8,456.7
S00606,J0606,Glasgow,1,0.62,1.37,154,10,459.3
S00770,J0770,Glasgow,1,0.75,4.56,133,10,459.85
S00932,J0932,Newcastle,1,0.73,3.23,295,11,462.75
S00410,J0410,Newcastle,1,0.7,3.32,11,11,466.95
S00999,J0999,Bristol,1,0.91,4.77,70,11,471.5
S00721,J0721,Nottingham,1,0.5,3.66,298,9,476.1
S00012,J0012,Nottingham,1,0.66,1.16,271,11,484.95
S00753,J0753,Newcastle,1,0.77,2.76,77,11,485.65
S00794,J0794,Bristol,1,0.8,3.53,297,11,485.65
S00434,J0434,Glasgow,1,0.68,4.34,192,10,486.4
S00440,J0440,Sheffield,1,0.93,4.5,226,10,491.7
S00828,J0828,Newcastle,1,0.5,4.53,78,11,497.1
S00290,J0290,Liverpool,1,0.58,4.13,255,11,510.75
S00603,J0603,Birmingham,1,0.52,1.3,292,11,527.4
S00071,J0071,Liverpool,1,0.59,1.84,198,10,529.1
S00008,J0008,Nottingham,1,0.8,3.28,291,11,537.95
S00702,J0702,Manchester,1,0.73,1.26,249,11,541.05
S00143,J0143,Sheffield,1,0.63,2.14,213,11,557.85
